arial-001.jpg,Nosema
arial-002.jpg,myelon
arial-003.jpg,coincide
arial-004.jpg,Megaphyton
arial-005.jpg,predebater
arial-006.jpg,hurling
arial-007.jpg,thyridial
arial-008.jpg,saberlike
arial-009.jpg,obfuscate
arial-010.jpg,playwright
arial-011.jpg,blabberer
arial-012.jpg,Cnicus
arial-013.jpg,jerque
arial-014.jpg,maidish
arial-015.jpg,Shaptan
arial-016.jpg,Scillitan
arial-017.jpg,porthors
arial-018.jpg,pledgor
arial-019.jpg,zimmis
arial-020.jpg,Seidel
arial-021.jpg,hoarsely
arial-022.jpg,Lyas
arial-023.jpg,butic
arial-024.jpg,deformer
arial-025.jpg,ripicolous
arial-026.jpg,teaser
arial-027.jpg,arachnopia
arial-028.jpg,unshouted
arial-029.jpg,unhand
arial-030.jpg,sheely
arial-031.jpg,epitapher
arial-032.jpg,fee
arial-033.jpg,superbrute
arial-034.jpg,bootlicker
arial-035.jpg,cymbate
arial-036.jpg,abear
arial-037.jpg,sporangia
arial-038.jpg,fjarding
arial-039.jpg,impudently
arial-040.jpg,kulimit
arial-041.jpg,sparkback
arial-042.jpg,unladyfied
arial-043.jpg,toxamin
arial-044.jpg,overmighty
arial-045.jpg,torcel
arial-046.jpg,basiscopic
arial-047.jpg,speel
arial-048.jpg,groined
arial-049.jpg,escritoire
arial-050.jpg,bastinado
arial-051.jpg,stele
arial-052.jpg,civility
arial-053.jpg,span
arial-054.jpg,root
arial-055.jpg,durant
arial-056.jpg,liner
arial-057.jpg,histozoic
arial-058.jpg,antirabies
arial-059.jpg,hopperburn
arial-060.jpg,reroot
arial-061.jpg,coheritage
arial-062.jpg,tegumen
arial-063.jpg,skey
arial-064.jpg,chilidium
arial-065.jpg,foreheater
arial-066.jpg,urosome
arial-067.jpg,broadly
arial-068.jpg,along
arial-069.jpg,hodiernal
arial-070.jpg,kenning
arial-071.jpg,lacerable
arial-072.jpg,prejustify
arial-073.jpg,Egyptian
arial-074.jpg,Rommany
arial-075.jpg,ascending
arial-076.jpg,culottic
arial-077.jpg,oxytocous
arial-078.jpg,train
arial-079.jpg,formlessly
arial-080.jpg,totquot
arial-081.jpg,baldachino
arial-082.jpg,lawmonger
arial-083.jpg,gingerness
arial-084.jpg,issue
arial-085.jpg,nonthinker
arial-086.jpg,ethonomic
arial-087.jpg,silicium
arial-088.jpg,stupidish
arial-089.jpg,warmness
arial-090.jpg,dribbler
arial-091.jpg,cappy
arial-092.jpg,metrify
arial-093.jpg,souslik
arial-094.jpg,jactance
arial-095.jpg,Renardine
arial-096.jpg,pelike
arial-097.jpg,excuse
arial-098.jpg,Navarrese
arial-099.jpg,Slavonism
arial-100.jpg,helicopter
arial-101.jpg,Eppie
arial-102.jpg,apologize
arial-103.jpg,Psorophora
arial-104.jpg,palanka
arial-105.jpg,cockarouse
arial-106.jpg,mancipium
arial-107.jpg,fishy
arial-108.jpg,preconsent
arial-109.jpg,karagan
arial-110.jpg,Cinnamomum
arial-111.jpg,coop
arial-112.jpg,federator
arial-113.jpg,papaya
arial-114.jpg,landside
arial-115.jpg,suckable
arial-116.jpg,fervidly
arial-117.jpg,ryot
arial-118.jpg,rebeguile
arial-119.jpg,tavolatite
arial-120.jpg,Bristol
arial-121.jpg,Ajaja
arial-122.jpg,antiflux
arial-123.jpg,animatism
arial-124.jpg,panococo
arial-125.jpg,smouse
arial-126.jpg,estivation
arial-127.jpg,diswood
arial-128.jpg,munch
arial-129.jpg,geogony
arial-130.jpg,prerental
arial-131.jpg,slide
arial-132.jpg,debut
arial-133.jpg,Indologist
arial-134.jpg,aspersive
arial-135.jpg,spiffing
arial-136.jpg,veridical
arial-137.jpg,Semiticism
arial-138.jpg,capucine
arial-139.jpg,grillade
arial-140.jpg,pewing
arial-141.jpg,sinaite
arial-142.jpg,explicator
arial-143.jpg,musicality
arial-144.jpg,ringable
arial-145.jpg,dreamful
arial-146.jpg,quiddler
arial-147.jpg,tachogram
arial-148.jpg,sirenoid
arial-149.jpg,Titmarsh
arial-150.jpg,uncurable
arial-151.jpg,novilunar
arial-152.jpg,coner
arial-153.jpg,Fissipes
arial-154.jpg,Zabian
arial-155.jpg,dacoity
arial-156.jpg,indemnitor
arial-157.jpg,encryption
arial-158.jpg,functional
arial-159.jpg,braceleted
arial-160.jpg,sexangled
arial-161.jpg,Supai
arial-162.jpg,subsegment
arial-163.jpg,aplanatic
arial-164.jpg,blatjang
arial-165.jpg,heroical
arial-166.jpg,stairstep
arial-167.jpg,kagu
arial-168.jpg,herniate
arial-169.jpg,philippus
arial-170.jpg,Mohineyam
arial-171.jpg,goetical
arial-172.jpg,portal
arial-173.jpg,evergreen
arial-174.jpg,salutary
arial-175.jpg,parciloquy
arial-176.jpg,presumer
arial-177.jpg,perula
arial-178.jpg,footings
arial-179.jpg,Vernonia
arial-180.jpg,grudgeful
arial-181.jpg,Frenchy
arial-182.jpg,grassation
arial-183.jpg,Orthis
arial-184.jpg,hexacanth
arial-185.jpg,lung
arial-186.jpg,antifreeze
arial-187.jpg,onymancy
arial-188.jpg,asymmetry
arial-189.jpg,euphonize
arial-190.jpg,firebreak
arial-191.jpg,oxidase
arial-192.jpg,redream
arial-193.jpg,xenophile
arial-194.jpg,iliosacral
arial-195.jpg,presenile
arial-196.jpg,chevesaile
arial-197.jpg,Notidani
arial-198.jpg,Hilary
arial-199.jpg,Leora
arial-200.jpg,teetotal
arial-201.jpg,saccomyoid
arial-202.jpg,interlot
arial-203.jpg,rath
arial-204.jpg,argotic
arial-205.jpg,endosmosis
arial-206.jpg,froster
arial-207.jpg,kilting
arial-208.jpg,jarfly
arial-209.jpg,eusuchian
arial-210.jpg,compilator
arial-211.jpg,alefnull
arial-212.jpg,centriscid
arial-213.jpg,verd
arial-214.jpg,gallous
arial-215.jpg,eidolology
arial-216.jpg,churled
arial-217.jpg,suckage
arial-218.jpg,Codiaceae
arial-219.jpg,inner
arial-220.jpg,Palaic
arial-221.jpg,quashey
arial-222.jpg,jermonal
arial-223.jpg,forecast
arial-224.jpg,biolith
arial-225.jpg,sportfully
arial-226.jpg,inherit
arial-227.jpg,millable
arial-228.jpg,unhaunt
arial-229.jpg,Odostemon
arial-230.jpg,subnormal
arial-231.jpg,peba
arial-232.jpg,pressurize
arial-233.jpg,ignoble
arial-234.jpg,unpotted
arial-235.jpg,tineman
arial-236.jpg,Molothrus
arial-237.jpg,vierling
arial-238.jpg,infestant
arial-239.jpg,kromogram
arial-240.jpg,sheathing
arial-241.jpg,Centaurid
arial-242.jpg,griffinism
arial-243.jpg,loxic
arial-244.jpg,ribose
arial-245.jpg,cowal
arial-246.jpg,Darjeeling
arial-247.jpg,meed
arial-248.jpg,stanchable
arial-249.jpg,lam
arial-250.jpg,zebralike
arial-251.jpg,cannulated
arial-252.jpg,sorite
arial-253.jpg,corectome
arial-254.jpg,libelous
arial-255.jpg,Sylvia
arial-256.jpg,colorer
arial-257.jpg,melotragic
arial-258.jpg,paradoxism
arial-259.jpg,placatory
arial-260.jpg,unformal
arial-261.jpg,interpeal
arial-262.jpg,mantis
arial-263.jpg,theomantic
arial-264.jpg,retia
arial-265.jpg,smuggish
arial-266.jpg,Walt
arial-267.jpg,trustily
arial-268.jpg,demurring
arial-269.jpg,demibeast
arial-270.jpg,flaggery
arial-271.jpg,helicon
arial-272.jpg,radical
arial-273.jpg,filature
arial-274.jpg,cruck
arial-275.jpg,epiphora
arial-276.jpg,rostroid
arial-277.jpg,forehold
arial-278.jpg,detailist
arial-279.jpg,thatchy
arial-280.jpg,Hades
arial-281.jpg,tay
arial-282.jpg,mogo
arial-283.jpg,layland
arial-284.jpg,adipometer
arial-285.jpg,bailee
arial-286.jpg,slane
arial-287.jpg,unenounced
arial-288.jpg,path
arial-289.jpg,adulteress
arial-290.jpg,replod
arial-291.jpg,weighbar
arial-292.jpg,orthoscope
arial-293.jpg,meal
arial-294.jpg,moist
arial-295.jpg,Syrnium
arial-296.jpg,tozee
arial-297.jpg,aratory
arial-298.jpg,handwork
arial-299.jpg,psalis
arial-300.jpg,saffron
arial-301.jpg,unpractice
arial-302.jpg,couplet
arial-303.jpg,precharge
arial-304.jpg,tarryingly
arial-305.jpg,lichenoid
arial-306.jpg,cabda
arial-307.jpg,disenthral
arial-308.jpg,charivari
arial-309.jpg,geikielite
arial-310.jpg,hoped
arial-311.jpg,traitress
arial-312.jpg,Kayasth
arial-313.jpg,Gulf
arial-314.jpg,mosesite
arial-315.jpg,exemplify
arial-316.jpg,mataeology
arial-317.jpg,tum
arial-318.jpg,picra
arial-319.jpg,obversion
arial-320.jpg,mandrel
arial-321.jpg,outcoming
arial-322.jpg,scriven
arial-323.jpg,arctic
arial-324.jpg,stocker
arial-325.jpg,reroll
arial-326.jpg,sleek
arial-327.jpg,monadical
arial-328.jpg,arar
arial-329.jpg,strepitous
arial-330.jpg,enjoy
arial-331.jpg,palberry
arial-332.jpg,pentine
arial-333.jpg,thermopile
arial-334.jpg,kala
arial-335.jpg,intersow
arial-336.jpg,lazulitic
arial-337.jpg,bimane
arial-338.jpg,unfret
arial-339.jpg,discerning
arial-340.jpg,sloop
arial-341.jpg,palfreyed
arial-342.jpg,anaerobion
arial-343.jpg,proem
arial-344.jpg,choleate
arial-345.jpg,antisiphon
arial-346.jpg,midstroke
arial-347.jpg,leadage
arial-348.jpg,unplunge
arial-349.jpg,syncoelom
arial-350.jpg,eumitosis
arial-351.jpg,misput
arial-352.jpg,choenix
arial-353.jpg,Cordaites
arial-354.jpg,agrologic
arial-355.jpg,defoul
arial-356.jpg,tropeic
arial-357.jpg,carbamate
arial-358.jpg,traveller
arial-359.jpg,servilize
arial-360.jpg,watchcry
arial-361.jpg,theriacal
arial-362.jpg,mitrate
arial-363.jpg,victualage
arial-364.jpg,dich
arial-365.jpg,slumwise
arial-366.jpg,geobiology
arial-367.jpg,lifetime
arial-368.jpg,Goldy
arial-369.jpg,anacidity
arial-370.jpg,uncurst
arial-371.jpg,paver
arial-372.jpg,eating
arial-373.jpg,oxer
arial-374.jpg,tribute
arial-375.jpg,puckerel
arial-376.jpg,rodham
arial-377.jpg,jiggle
arial-378.jpg,leadout
arial-379.jpg,hardwood
arial-380.jpg,Saponaria
arial-381.jpg,peculium
arial-382.jpg,critical
arial-383.jpg,cameraman
arial-384.jpg,sharn
arial-385.jpg,agua
arial-386.jpg,entempest
arial-387.jpg,myocardiac
arial-388.jpg,cerebral
arial-389.jpg,Porcula
arial-390.jpg,scrambling
arial-391.jpg,mythize
arial-392.jpg,penttail
arial-393.jpg,paleness
arial-394.jpg,tarltonize
arial-395.jpg,monogenic
arial-396.jpg,Nathaniel
arial-397.jpg,ptarmical
arial-398.jpg,saltness
arial-399.jpg,sweet
arial-400.jpg,evict
arial-401.jpg,killwort
arial-402.jpg,prebelief
arial-403.jpg,unfighting
arial-404.jpg,Irma
arial-405.jpg,puppetize
arial-406.jpg,nobley
arial-407.jpg,bitterbark
arial-408.jpg,metatarse
arial-409.jpg,stickleaf
arial-410.jpg,ellagate
arial-411.jpg,blanca
arial-412.jpg,forspread
arial-413.jpg,invalidish
arial-414.jpg,semidry
arial-415.jpg,enoplan
arial-416.jpg,triformed
arial-417.jpg,thorntail
arial-418.jpg,reliable
arial-419.jpg,leaflike
arial-420.jpg,ominously
arial-421.jpg,Rebecca
arial-422.jpg,skittles
arial-423.jpg,raff
arial-424.jpg,convexly
arial-425.jpg,effluvia
arial-426.jpg,marry
arial-427.jpg,reregulate
arial-428.jpg,fragrance
arial-429.jpg,under
arial-430.jpg,Gobinism
arial-431.jpg,illude
arial-432.jpg,kiley
arial-433.jpg,steg
arial-434.jpg,rote
arial-435.jpg,Vaseline
arial-436.jpg,apsides
arial-437.jpg,dutch
arial-438.jpg,protegee
arial-439.jpg,unhalter
arial-440.jpg,Proparia
arial-441.jpg,irksomely
arial-442.jpg,eulogistic
arial-443.jpg,majorship
arial-444.jpg,trihydrol
arial-445.jpg,Othake
arial-446.jpg,arriage
arial-447.jpg,cheapen
arial-448.jpg,pruritic
arial-449.jpg,harper
arial-450.jpg,Homorelaps
arial-451.jpg,trochili
arial-452.jpg,corpulence
arial-453.jpg,arracacha
arial-454.jpg,searcher
arial-455.jpg,stanzaic
arial-456.jpg,hard
arial-457.jpg,epiphysis
arial-458.jpg,stamnos
arial-459.jpg,atwixt
arial-460.jpg,deathwards
arial-461.jpg,endmatcher
arial-462.jpg,viduated
arial-463.jpg,Vaccinium
arial-464.jpg,ascript
arial-465.jpg,unweaken
arial-466.jpg,Dicotyles
arial-467.jpg,slammakin
arial-468.jpg,mutch
arial-469.jpg,undercut
arial-470.jpg,epruinose
arial-471.jpg,swayer
arial-472.jpg,jacobaea
arial-473.jpg,undercover
arial-474.jpg,degauss
arial-475.jpg,saneness
arial-476.jpg,joyance
arial-477.jpg,woodfish
arial-478.jpg,serrulate
arial-479.jpg,grufted
arial-480.jpg,dawnstreak
arial-481.jpg,crevalle
arial-482.jpg,pyrolusite
arial-483.jpg,oxamate
arial-484.jpg,broiler
arial-485.jpg,naphthene
arial-486.jpg,searcer
arial-487.jpg,affronter
arial-488.jpg,errable
arial-489.jpg,Achomawi
arial-490.jpg,alterne
arial-491.jpg,dismark
arial-492.jpg,propodium
arial-493.jpg,imagines
arial-494.jpg,kyl
arial-495.jpg,halibuter
arial-496.jpg,argument
arial-497.jpg,swinish
arial-498.jpg,Edenize
arial-499.jpg,alleviate
arial-500.jpg,Rhombozoa
arial-501.jpg,zealotic
arial-502.jpg,Cossidae
arial-503.jpg,preordain
arial-504.jpg,proceeding
arial-505.jpg,Aldhafara
arial-506.jpg,megapode
arial-507.jpg,toothing
arial-508.jpg,sicklelike
arial-509.jpg,abristle
arial-510.jpg,quickener
arial-511.jpg,renownedly
arial-512.jpg,solemn
arial-513.jpg,snowplow
arial-514.jpg,mat
arial-515.jpg,precompass
arial-516.jpg,styling
arial-517.jpg,llautu
arial-518.jpg,gillaroo
arial-519.jpg,Alida
arial-520.jpg,antibromic
arial-521.jpg,sterrinck
arial-522.jpg,lintseed
arial-523.jpg,pellard
arial-524.jpg,hypinotic
arial-525.jpg,gibbously
arial-526.jpg,molestful
arial-527.jpg,univorous
arial-528.jpg,lys
arial-529.jpg,yardsman
arial-530.jpg,amice
arial-531.jpg,Tracaulon
arial-532.jpg,Jatulian
arial-533.jpg,submucous
arial-534.jpg,Nazirite
arial-535.jpg,Chaldaei
arial-536.jpg,picador
arial-537.jpg,crossfoot
arial-538.jpg,egotize
arial-539.jpg,haulmy
arial-540.jpg,shiftiness
arial-541.jpg,tetraster
arial-542.jpg,poophyte
arial-543.jpg,peracidite
arial-544.jpg,Madelon
arial-545.jpg,Okapia
arial-546.jpg,cumbly
arial-547.jpg,deediness
arial-548.jpg,Cineraria
arial-549.jpg,battered
arial-550.jpg,scalder
arial-551.jpg,bandanna
arial-552.jpg,bushranger
arial-553.jpg,Vampyrella
arial-554.jpg,mistaken
arial-555.jpg,aftercause
arial-556.jpg,bathylite
arial-557.jpg,airfreight
arial-558.jpg,fastuously
arial-559.jpg,fifth
arial-560.jpg,nuncio
arial-561.jpg,Morris
arial-562.jpg,osmesis
arial-563.jpg,sistering
arial-564.jpg,Aeolic
arial-565.jpg,Urbanist
arial-566.jpg,Macusi
arial-567.jpg,colorin
arial-568.jpg,cerealist
arial-569.jpg,skell
arial-570.jpg,detainal
arial-571.jpg,parasitize
arial-572.jpg,biflorate
arial-573.jpg,maggoty
arial-574.jpg,innet
arial-575.jpg,Aberdeen
arial-576.jpg,chyle
arial-577.jpg,year
arial-578.jpg,gudefather
arial-579.jpg,rhizotomy
arial-580.jpg,hulkage
arial-581.jpg,Masanao
arial-582.jpg,hunting
arial-583.jpg,homilite
arial-584.jpg,joyousness
arial-585.jpg,coquicken
arial-586.jpg,aumous
arial-587.jpg,skelp
arial-588.jpg,arsanilic
arial-589.jpg,appressor
arial-590.jpg,morbility
arial-591.jpg,armscye
arial-592.jpg,wardenry
arial-593.jpg,agistment
arial-594.jpg,indite
arial-595.jpg,Thyris
arial-596.jpg,fusoid
arial-597.jpg,infirmarer
arial-598.jpg,bemuslined
arial-599.jpg,moucharaby
arial-600.jpg,toxicum
arial-601.jpg,guardant
arial-602.jpg,wakf
arial-603.jpg,Jake
arial-604.jpg,Foism
arial-605.jpg,suboblique
arial-606.jpg,cyanopia
arial-607.jpg,meroistic
arial-608.jpg,expressly
arial-609.jpg,redemolish
arial-610.jpg,cloth
arial-611.jpg,kneehole
arial-612.jpg,innovant
arial-613.jpg,twanginess
arial-614.jpg,nestful
arial-615.jpg,tomentum
arial-616.jpg,auxotox
arial-617.jpg,Galaxias
arial-618.jpg,rotated
arial-619.jpg,afwillite
arial-620.jpg,denticular
arial-621.jpg,knickpoint
arial-622.jpg,mignonne
arial-623.jpg,transshift
arial-624.jpg,pasi
arial-625.jpg,hone
arial-626.jpg,porphyry
arial-627.jpg,Gesnera
arial-628.jpg,scareproof
arial-629.jpg,Nesogaean
arial-630.jpg,initial
arial-631.jpg,metanilic
arial-632.jpg,querulent
arial-633.jpg,chumpy
arial-634.jpg,prepontile
arial-635.jpg,wrinklet
arial-636.jpg,detonate
arial-637.jpg,Mazhabi
arial-638.jpg,homosexual
arial-639.jpg,rightful
arial-640.jpg,unflead
arial-641.jpg,Atlaslike
arial-642.jpg,bannered
arial-643.jpg,people
arial-644.jpg,bootyless
arial-645.jpg,vileness
arial-646.jpg,womanlike
arial-647.jpg,formful
arial-648.jpg,twifoldly
arial-649.jpg,strewer
arial-650.jpg,paramagnet
arial-651.jpg,shipping
arial-652.jpg,unbegirt
arial-653.jpg,cointer
arial-654.jpg,eternity
arial-655.jpg,woofer
arial-656.jpg,jours
arial-657.jpg,pitmirk
arial-658.jpg,emulous
arial-659.jpg,deltic
arial-660.jpg,repasser
arial-661.jpg,Juvenalian
arial-662.jpg,scrabble
arial-663.jpg,reconceive
arial-664.jpg,Illanun
arial-665.jpg,seawife
arial-666.jpg,mastoidale
arial-667.jpg,neuraxial
arial-668.jpg,Fiji
arial-669.jpg,Laputa
arial-670.jpg,reveler
arial-671.jpg,Oligocene
arial-672.jpg,larviform
arial-673.jpg,Hyblaea
arial-674.jpg,luciform
arial-675.jpg,winterish
arial-676.jpg,drowsiness
arial-677.jpg,technicist
arial-678.jpg,teaseler
arial-679.jpg,hatt
arial-680.jpg,amylolytic
arial-681.jpg,phacoidal
arial-682.jpg,tribble
arial-683.jpg,somaplasm
arial-684.jpg,Kipchak
arial-685.jpg,porogamous
arial-686.jpg,machinify
arial-687.jpg,transient
arial-688.jpg,quirksome
arial-689.jpg,toiletry
arial-690.jpg,opalesque
arial-691.jpg,alternator
arial-692.jpg,intoxicant
arial-693.jpg,cloacaline
arial-694.jpg,tunful
arial-695.jpg,afterimage
arial-696.jpg,sune
arial-697.jpg,contrahent
arial-698.jpg,depart
arial-699.jpg,scobiform
arial-700.jpg,gynospore
arial-701.jpg,unvoting
arial-702.jpg,reoffer
arial-703.jpg,mango
arial-704.jpg,septuple
arial-705.jpg,reparable
arial-706.jpg,Protophyta
arial-707.jpg,standage
arial-708.jpg,unfabling
arial-709.jpg,underslip
arial-710.jpg,vineatic
arial-711.jpg,Rellyan
arial-712.jpg,micromania
arial-713.jpg,invitation
arial-714.jpg,Minitari
arial-715.jpg,lathesman
arial-716.jpg,Euglandina
arial-717.jpg,lysate
arial-718.jpg,admirative
arial-719.jpg,kapp
arial-720.jpg,sabromin
arial-721.jpg,Akra
arial-722.jpg,slodder
arial-723.jpg,maimedly
arial-724.jpg,tweet
arial-725.jpg,unhypnotic
arial-726.jpg,axiform
arial-727.jpg,bladelet
arial-728.jpg,cocash
arial-729.jpg,presentee
arial-730.jpg,volery
arial-731.jpg,tweed
arial-732.jpg,devious
arial-733.jpg,Swahili
arial-734.jpg,ladler
arial-735.jpg,glutose
arial-736.jpg,toxically
arial-737.jpg,panada
arial-738.jpg,skyscraper
arial-739.jpg,Hobbian
arial-740.jpg,riyal
arial-741.jpg,antemedial
arial-742.jpg,colport
arial-743.jpg,allotropic
arial-744.jpg,hypopepsia
arial-745.jpg,lawyerlike
arial-746.jpg,horograph
arial-747.jpg,ateuchi
arial-748.jpg,sleyer
arial-749.jpg,lunes
arial-750.jpg,Eberthella
arial-751.jpg,Pakawa
arial-752.jpg,uloid
arial-753.jpg,euphuist
arial-754.jpg,unmanly
arial-755.jpg,zumatic
arial-756.jpg,trammelled
arial-757.jpg,minstrel
arial-758.jpg,gurgeon
arial-759.jpg,misguggle
arial-760.jpg,quave
arial-761.jpg,townful
arial-762.jpg,midrib
arial-763.jpg,bulbotuber
arial-764.jpg,Abrahamite
arial-765.jpg,hauntingly
arial-766.jpg,kyte
arial-767.jpg,razz
arial-768.jpg,kissingly
arial-769.jpg,biparted
arial-770.jpg,peristyle
arial-771.jpg,denegation
arial-772.jpg,actinian
arial-773.jpg,wasplike
arial-774.jpg,exosmic
arial-775.jpg,illustrate
arial-776.jpg,nictation
arial-777.jpg,yesterday
arial-778.jpg,Ligusticum
arial-779.jpg,shruff
arial-780.jpg,Stapelia
arial-781.jpg,quadruplex
arial-782.jpg,valeramide
arial-783.jpg,sublinear
arial-784.jpg,Amelia
arial-785.jpg,Siredon
arial-786.jpg,Caddoan
arial-787.jpg,sheered
arial-788.jpg,enveil
arial-789.jpg,demand
arial-790.jpg,stumper
arial-791.jpg,lumpish
arial-792.jpg,fear
arial-793.jpg,coheiress
arial-794.jpg,busybodied
arial-795.jpg,tinned
arial-796.jpg,shutter
arial-797.jpg,agitable
arial-798.jpg,rebeat
arial-799.jpg,torchwort
arial-800.jpg,floralize
arial-801.jpg,apocopate
arial-802.jpg,unbelieve
arial-803.jpg,emulative
arial-804.jpg,netwise
arial-805.jpg,prismatic
arial-806.jpg,nonforeign
arial-807.jpg,untripping
arial-808.jpg,indexed
arial-809.jpg,reorder
arial-810.jpg,Erysiphe
arial-811.jpg,hippometer
arial-812.jpg,thereon
arial-813.jpg,initiative
arial-814.jpg,submediant
arial-815.jpg,sheephouse
arial-816.jpg,reabsorb
arial-817.jpg,rationally
arial-818.jpg,Raghu
arial-819.jpg,theodolite
arial-820.jpg,Betulites
arial-821.jpg,bedlamite
arial-822.jpg,fusee
arial-823.jpg,bolometric
arial-824.jpg,Calicut
arial-825.jpg,outdoors
arial-826.jpg,flecker
arial-827.jpg,cynipoid
arial-828.jpg,leam
arial-829.jpg,lurchline
arial-830.jpg,veerable
arial-831.jpg,odor
arial-832.jpg,homopolic
arial-833.jpg,colonnette
arial-834.jpg,gunwale
arial-835.jpg,cacophonic
arial-836.jpg,freeness
arial-837.jpg,subsocial
arial-838.jpg,notching
arial-839.jpg,becrawl
arial-840.jpg,uneclipsed
arial-841.jpg,Pieris
arial-842.jpg,Dromicia
arial-843.jpg,Larry
arial-844.jpg,partialism
arial-845.jpg,wandering
arial-846.jpg,Jean
arial-847.jpg,difform
arial-848.jpg,replaster
arial-849.jpg,holeproof
arial-850.jpg,hetaera
arial-851.jpg,unsealer
arial-852.jpg,Empeo
arial-853.jpg,shauwe
arial-854.jpg,tawdrily
arial-855.jpg,doohinkey
arial-856.jpg,Covarecan
arial-857.jpg,marengo
arial-858.jpg,floroscope
arial-859.jpg,idealize
arial-860.jpg,goodlihead
arial-861.jpg,cosmically
arial-862.jpg,Miguel
arial-863.jpg,obi
arial-864.jpg,strickless
arial-865.jpg,outraging
arial-866.jpg,Squawtits
arial-867.jpg,acampsia
arial-868.jpg,stripe
arial-869.jpg,spleenless
arial-870.jpg,medieval
arial-871.jpg,geometrid
arial-872.jpg,palterer
arial-873.jpg,Cuchulainn
arial-874.jpg,rahdaree
arial-875.jpg,phansigar
arial-876.jpg,forevow
arial-877.jpg,ghazism
arial-878.jpg,choryos
arial-879.jpg,pithecan
arial-880.jpg,gluck
arial-881.jpg,Medellin
arial-882.jpg,ammocoete
arial-883.jpg,banality
arial-884.jpg,dodman
arial-885.jpg,Euphues
arial-886.jpg,equanimity
arial-887.jpg,matutinely
arial-888.jpg,betrinket
arial-889.jpg,interaxis
arial-890.jpg,betrim
arial-891.jpg,consumpt
arial-892.jpg,unnotched
arial-893.jpg,undying
arial-894.jpg,fieldish
arial-895.jpg,angor
arial-896.jpg,planosome
arial-897.jpg,clobberer
arial-898.jpg,pisk
arial-899.jpg,unjudge
arial-900.jpg,amphibiety
arial-901.jpg,recusation
arial-902.jpg,brawniness
arial-903.jpg,Zacatec
arial-904.jpg,pall
arial-905.jpg,Antarctica
arial-906.jpg,windlessly
arial-907.jpg,dispender
arial-908.jpg,bedraggle
arial-909.jpg,shoreward
arial-910.jpg,subah
arial-911.jpg,physometra
arial-912.jpg,maumet
arial-913.jpg,resile
arial-914.jpg,ingenuity
arial-915.jpg,exocoelom
arial-916.jpg,trophal
arial-917.jpg,Caririan
arial-918.jpg,missionary
arial-919.jpg,assise
arial-920.jpg,maldonite
arial-921.jpg,Lodoicea
arial-922.jpg,clang
arial-923.jpg,unwellness
arial-924.jpg,shoppy
arial-925.jpg,untrowed
arial-926.jpg,Lophopoda
arial-927.jpg,cunning
arial-928.jpg,macrocytic
arial-929.jpg,sport
arial-930.jpg,depurate
arial-931.jpg,autoxidize
arial-932.jpg,wileproof
arial-933.jpg,blinkered
arial-934.jpg,semicollar
arial-935.jpg,dihedron
arial-936.jpg,hoopwood
arial-937.jpg,foliation
arial-938.jpg,quilted
arial-939.jpg,overtask
arial-940.jpg,thevetin
arial-941.jpg,expecter
arial-942.jpg,tarn
arial-943.jpg,ungradated
arial-944.jpg,Bardolatry
arial-945.jpg,symbolics
arial-946.jpg,Subra
arial-947.jpg,facet
arial-948.jpg,layover
arial-949.jpg,slumward
arial-950.jpg,vest
arial-951.jpg,centipede
arial-952.jpg,resisting
arial-953.jpg,unrecusant
arial-954.jpg,kittenless
arial-955.jpg,fugitive
arial-956.jpg,amoretto
arial-957.jpg,Tobiah
arial-958.jpg,autumnian
arial-959.jpg,pileous
arial-960.jpg,isocheimal
arial-961.jpg,ava
arial-962.jpg,arhar
arial-963.jpg,oncostman
arial-964.jpg,stenosed
arial-965.jpg,cardcase
arial-966.jpg,goldwater
arial-967.jpg,Taungthu
arial-968.jpg,rheobase
arial-969.jpg,deedbox
arial-970.jpg,reason
arial-971.jpg,solvend
arial-972.jpg,iniquity
arial-973.jpg,unleagued
arial-974.jpg,Divvers
arial-975.jpg,preholding
arial-976.jpg,Melaleuca
arial-977.jpg,mark
arial-978.jpg,bustee
arial-979.jpg,roseways
arial-980.jpg,bullydom
arial-981.jpg,overrake
arial-982.jpg,hippolite
arial-983.jpg,gonococcus
arial-984.jpg,epicanthus
arial-985.jpg,drupaceous
arial-986.jpg,belemnitic
arial-987.jpg,amorado
arial-988.jpg,wieldable
arial-989.jpg,emissive
arial-990.jpg,disrestore
arial-991.jpg,tricostate
arial-992.jpg,Gepidae
arial-993.jpg,norleucine
arial-994.jpg,bosset
arial-995.jpg,vizier
arial-996.jpg,kymbalon
arial-997.jpg,Etheostoma
arial-998.jpg,treater
arial-999.jpg,wickedly
arial-1000.jpg,rand
arial-1001.jpg,gangdom
arial-1002.jpg,compliable
arial-1003.jpg,sclimb
arial-1004.jpg,twat
arial-1005.jpg,preissue
arial-1006.jpg,unmirthful
arial-1007.jpg,monstrify
arial-1008.jpg,Jason
arial-1009.jpg,afterking
arial-1010.jpg,gastrocele
arial-1011.jpg,soliform
arial-1012.jpg,forkiness
arial-1013.jpg,predraw
arial-1014.jpg,calcemia
arial-1015.jpg,asepticism
arial-1016.jpg,unembraced
arial-1017.jpg,entomology
arial-1018.jpg,pregustant
arial-1019.jpg,Cucurbita
arial-1020.jpg,plicated
arial-1021.jpg,rimple
arial-1022.jpg,uncoerced
arial-1023.jpg,cenobitic
arial-1024.jpg,paracystic
arial-1025.jpg,audible
arial-1026.jpg,saburra
arial-1027.jpg,storify
arial-1028.jpg,disband
arial-1029.jpg,proclaimer
arial-1030.jpg,Polymyarii
arial-1031.jpg,scatterer
arial-1032.jpg,gloryful
arial-1033.jpg,arbor
arial-1034.jpg,Wega
arial-1035.jpg,pentane
arial-1036.jpg,sanctifier
arial-1037.jpg,chinwood
arial-1038.jpg,Wykehamist
arial-1039.jpg,Dokmarok
arial-1040.jpg,polder
arial-1041.jpg,Glumales
arial-1042.jpg,Hochheimer
arial-1043.jpg,Veronica
arial-1044.jpg,camelman
arial-1045.jpg,porismatic
arial-1046.jpg,fescue
arial-1047.jpg,catechism
arial-1048.jpg,dovish
arial-1049.jpg,microzyme
arial-1050.jpg,vacational
arial-1051.jpg,imbrute
arial-1052.jpg,hire
arial-1053.jpg,Tamanaco
arial-1054.jpg,umbella
arial-1055.jpg,oddman
arial-1056.jpg,patavinity
arial-1057.jpg,fleyland
arial-1058.jpg,dammer
arial-1059.jpg,polissoir
arial-1060.jpg,ramiform
arial-1061.jpg,scutulum
arial-1062.jpg,craniotome
arial-1063.jpg,sluttish
arial-1064.jpg,polymorphy
arial-1065.jpg,pimaric
arial-1066.jpg,drowsily
arial-1067.jpg,basta
arial-1068.jpg,prophase
arial-1069.jpg,uphelm
arial-1070.jpg,expiation
arial-1071.jpg,macular
arial-1072.jpg,Aoife
arial-1073.jpg,curlew
arial-1074.jpg,solutional
arial-1075.jpg,psychogeny
arial-1076.jpg,refan
arial-1077.jpg,freir
arial-1078.jpg,reactional
arial-1079.jpg,roomlet
arial-1080.jpg,parapodial
arial-1081.jpg,scotoma
arial-1082.jpg,unrhymed
arial-1083.jpg,Clavaria
arial-1084.jpg,phelonion
arial-1085.jpg,Chaldaical
arial-1086.jpg,kirktown
arial-1087.jpg,forthcomer
arial-1088.jpg,assessor
arial-1089.jpg,stellate
arial-1090.jpg,despect
arial-1091.jpg,Shawanese
arial-1092.jpg,exsection
arial-1093.jpg,argental
arial-1094.jpg,Spironema
arial-1095.jpg,cheerily
arial-1096.jpg,dentinal
arial-1097.jpg,Trigonia
arial-1098.jpg,struthian
arial-1099.jpg,renvoi
