bradhitc-001.jpg,Nosema
bradhitc-002.jpg,myelon
bradhitc-003.jpg,coincide
bradhitc-004.jpg,Megaphyton
bradhitc-005.jpg,predebater
bradhitc-006.jpg,hurling
bradhitc-007.jpg,thyridial
bradhitc-008.jpg,saberlike
bradhitc-009.jpg,obfuscate
bradhitc-010.jpg,playwright
bradhitc-011.jpg,blabberer
bradhitc-012.jpg,Cnicus
bradhitc-013.jpg,jerque
bradhitc-014.jpg,maidish
bradhitc-015.jpg,Shaptan
bradhitc-016.jpg,Scillitan
bradhitc-017.jpg,porthors
bradhitc-018.jpg,pledgor
bradhitc-019.jpg,zimmis
bradhitc-020.jpg,Seidel
bradhitc-021.jpg,hoarsely
bradhitc-022.jpg,Lyas
bradhitc-023.jpg,butic
bradhitc-024.jpg,deformer
bradhitc-025.jpg,ripicolous
bradhitc-026.jpg,teaser
bradhitc-027.jpg,arachnopia
bradhitc-028.jpg,unshouted
bradhitc-029.jpg,unhand
bradhitc-030.jpg,sheely
bradhitc-031.jpg,epitapher
bradhitc-032.jpg,fee
bradhitc-033.jpg,superbrute
bradhitc-034.jpg,bootlicker
bradhitc-035.jpg,cymbate
bradhitc-036.jpg,abear
bradhitc-037.jpg,sporangia
bradhitc-038.jpg,fjarding
bradhitc-039.jpg,impudently
bradhitc-040.jpg,kulimit
bradhitc-041.jpg,sparkback
bradhitc-042.jpg,unladyfied
bradhitc-043.jpg,toxamin
bradhitc-044.jpg,overmighty
bradhitc-045.jpg,torcel
bradhitc-046.jpg,basiscopic
bradhitc-047.jpg,speel
bradhitc-048.jpg,groined
bradhitc-049.jpg,escritoire
bradhitc-050.jpg,bastinado
bradhitc-051.jpg,stele
bradhitc-052.jpg,civility
bradhitc-053.jpg,span
bradhitc-054.jpg,root
bradhitc-055.jpg,durant
bradhitc-056.jpg,liner
bradhitc-057.jpg,histozoic
bradhitc-058.jpg,antirabies
bradhitc-059.jpg,hopperburn
bradhitc-060.jpg,reroot
bradhitc-061.jpg,coheritage
bradhitc-062.jpg,tegumen
bradhitc-063.jpg,skey
bradhitc-064.jpg,chilidium
bradhitc-065.jpg,foreheater
bradhitc-066.jpg,urosome
bradhitc-067.jpg,broadly
bradhitc-068.jpg,along
bradhitc-069.jpg,hodiernal
bradhitc-070.jpg,kenning
bradhitc-071.jpg,lacerable
bradhitc-072.jpg,prejustify
bradhitc-073.jpg,Egyptian
bradhitc-074.jpg,Rommany
bradhitc-075.jpg,ascending
bradhitc-076.jpg,culottic
bradhitc-077.jpg,oxytocous
bradhitc-078.jpg,train
bradhitc-079.jpg,formlessly
bradhitc-080.jpg,totquot
bradhitc-081.jpg,baldachino
bradhitc-082.jpg,lawmonger
bradhitc-083.jpg,gingerness
bradhitc-084.jpg,issue
bradhitc-085.jpg,nonthinker
bradhitc-086.jpg,ethonomic
bradhitc-087.jpg,silicium
bradhitc-088.jpg,stupidish
bradhitc-089.jpg,warmness
bradhitc-090.jpg,dribbler
bradhitc-091.jpg,cappy
bradhitc-092.jpg,metrify
bradhitc-093.jpg,souslik
bradhitc-094.jpg,jactance
bradhitc-095.jpg,Renardine
bradhitc-096.jpg,pelike
bradhitc-097.jpg,excuse
bradhitc-098.jpg,Navarrese
bradhitc-099.jpg,Slavonism
bradhitc-100.jpg,helicopter
bradhitc-101.jpg,Eppie
bradhitc-102.jpg,apologize
bradhitc-103.jpg,Psorophora
bradhitc-104.jpg,palanka
bradhitc-105.jpg,cockarouse
bradhitc-106.jpg,mancipium
bradhitc-107.jpg,fishy
bradhitc-108.jpg,preconsent
bradhitc-109.jpg,karagan
bradhitc-110.jpg,Cinnamomum
bradhitc-111.jpg,coop
bradhitc-112.jpg,federator
bradhitc-113.jpg,papaya
bradhitc-114.jpg,landside
bradhitc-115.jpg,suckable
bradhitc-116.jpg,fervidly
bradhitc-117.jpg,ryot
bradhitc-118.jpg,rebeguile
bradhitc-119.jpg,tavolatite
bradhitc-120.jpg,Bristol
bradhitc-121.jpg,Ajaja
bradhitc-122.jpg,antiflux
bradhitc-123.jpg,animatism
bradhitc-124.jpg,panococo
bradhitc-125.jpg,smouse
bradhitc-126.jpg,estivation
bradhitc-127.jpg,diswood
bradhitc-128.jpg,munch
bradhitc-129.jpg,geogony
bradhitc-130.jpg,prerental
bradhitc-131.jpg,slide
bradhitc-132.jpg,debut
bradhitc-133.jpg,Indologist
bradhitc-134.jpg,aspersive
bradhitc-135.jpg,spiffing
bradhitc-136.jpg,veridical
bradhitc-137.jpg,Semiticism
bradhitc-138.jpg,capucine
bradhitc-139.jpg,grillade
bradhitc-140.jpg,pewing
bradhitc-141.jpg,sinaite
bradhitc-142.jpg,explicator
bradhitc-143.jpg,musicality
bradhitc-144.jpg,ringable
bradhitc-145.jpg,dreamful
bradhitc-146.jpg,quiddler
bradhitc-147.jpg,tachogram
bradhitc-148.jpg,sirenoid
bradhitc-149.jpg,Titmarsh
bradhitc-150.jpg,uncurable
bradhitc-151.jpg,novilunar
bradhitc-152.jpg,coner
bradhitc-153.jpg,Fissipes
bradhitc-154.jpg,Zabian
bradhitc-155.jpg,dacoity
bradhitc-156.jpg,indemnitor
bradhitc-157.jpg,encryption
bradhitc-158.jpg,functional
bradhitc-159.jpg,braceleted
bradhitc-160.jpg,sexangled
bradhitc-161.jpg,Supai
bradhitc-162.jpg,subsegment
bradhitc-163.jpg,aplanatic
bradhitc-164.jpg,blatjang
bradhitc-165.jpg,heroical
bradhitc-166.jpg,stairstep
bradhitc-167.jpg,kagu
bradhitc-168.jpg,herniate
bradhitc-169.jpg,philippus
bradhitc-170.jpg,Mohineyam
bradhitc-171.jpg,goetical
bradhitc-172.jpg,portal
bradhitc-173.jpg,evergreen
bradhitc-174.jpg,salutary
bradhitc-175.jpg,parciloquy
bradhitc-176.jpg,presumer
bradhitc-177.jpg,perula
bradhitc-178.jpg,footings
bradhitc-179.jpg,Vernonia
bradhitc-180.jpg,grudgeful
bradhitc-181.jpg,Frenchy
bradhitc-182.jpg,grassation
bradhitc-183.jpg,Orthis
bradhitc-184.jpg,hexacanth
bradhitc-185.jpg,lung
bradhitc-186.jpg,antifreeze
bradhitc-187.jpg,onymancy
bradhitc-188.jpg,asymmetry
bradhitc-189.jpg,euphonize
bradhitc-190.jpg,firebreak
bradhitc-191.jpg,oxidase
bradhitc-192.jpg,redream
bradhitc-193.jpg,xenophile
bradhitc-194.jpg,iliosacral
bradhitc-195.jpg,presenile
bradhitc-196.jpg,chevesaile
bradhitc-197.jpg,Notidani
bradhitc-198.jpg,Hilary
bradhitc-199.jpg,Leora
bradhitc-200.jpg,teetotal
bradhitc-201.jpg,saccomyoid
bradhitc-202.jpg,interlot
bradhitc-203.jpg,rath
bradhitc-204.jpg,argotic
bradhitc-205.jpg,endosmosis
bradhitc-206.jpg,froster
bradhitc-207.jpg,kilting
bradhitc-208.jpg,jarfly
bradhitc-209.jpg,eusuchian
bradhitc-210.jpg,compilator
bradhitc-211.jpg,alefnull
bradhitc-212.jpg,centriscid
bradhitc-213.jpg,verd
bradhitc-214.jpg,gallous
bradhitc-215.jpg,eidolology
bradhitc-216.jpg,churled
bradhitc-217.jpg,suckage
bradhitc-218.jpg,Codiaceae
bradhitc-219.jpg,inner
bradhitc-220.jpg,Palaic
bradhitc-221.jpg,quashey
bradhitc-222.jpg,jermonal
bradhitc-223.jpg,forecast
bradhitc-224.jpg,biolith
bradhitc-225.jpg,sportfully
bradhitc-226.jpg,inherit
bradhitc-227.jpg,millable
bradhitc-228.jpg,unhaunt
bradhitc-229.jpg,Odostemon
bradhitc-230.jpg,subnormal
bradhitc-231.jpg,peba
bradhitc-232.jpg,pressurize
bradhitc-233.jpg,ignoble
bradhitc-234.jpg,unpotted
bradhitc-235.jpg,tineman
bradhitc-236.jpg,Molothrus
bradhitc-237.jpg,vierling
bradhitc-238.jpg,infestant
bradhitc-239.jpg,kromogram
bradhitc-240.jpg,sheathing
bradhitc-241.jpg,Centaurid
bradhitc-242.jpg,griffinism
bradhitc-243.jpg,loxic
bradhitc-244.jpg,ribose
bradhitc-245.jpg,cowal
bradhitc-246.jpg,Darjeeling
bradhitc-247.jpg,meed
bradhitc-248.jpg,stanchable
bradhitc-249.jpg,lam
bradhitc-250.jpg,zebralike
bradhitc-251.jpg,cannulated
bradhitc-252.jpg,sorite
bradhitc-253.jpg,corectome
bradhitc-254.jpg,libelous
bradhitc-255.jpg,Sylvia
bradhitc-256.jpg,colorer
bradhitc-257.jpg,melotragic
bradhitc-258.jpg,paradoxism
bradhitc-259.jpg,placatory
bradhitc-260.jpg,unformal
bradhitc-261.jpg,interpeal
bradhitc-262.jpg,mantis
bradhitc-263.jpg,theomantic
bradhitc-264.jpg,retia
bradhitc-265.jpg,smuggish
bradhitc-266.jpg,Walt
bradhitc-267.jpg,trustily
bradhitc-268.jpg,demurring
bradhitc-269.jpg,demibeast
bradhitc-270.jpg,flaggery
bradhitc-271.jpg,helicon
bradhitc-272.jpg,radical
bradhitc-273.jpg,filature
bradhitc-274.jpg,cruck
bradhitc-275.jpg,epiphora
bradhitc-276.jpg,rostroid
bradhitc-277.jpg,forehold
bradhitc-278.jpg,detailist
bradhitc-279.jpg,thatchy
bradhitc-280.jpg,Hades
bradhitc-281.jpg,tay
bradhitc-282.jpg,mogo
bradhitc-283.jpg,layland
bradhitc-284.jpg,adipometer
bradhitc-285.jpg,bailee
bradhitc-286.jpg,slane
bradhitc-287.jpg,unenounced
bradhitc-288.jpg,path
bradhitc-289.jpg,adulteress
bradhitc-290.jpg,replod
bradhitc-291.jpg,weighbar
bradhitc-292.jpg,orthoscope
bradhitc-293.jpg,meal
bradhitc-294.jpg,moist
bradhitc-295.jpg,Syrnium
bradhitc-296.jpg,tozee
bradhitc-297.jpg,aratory
bradhitc-298.jpg,handwork
bradhitc-299.jpg,psalis
bradhitc-300.jpg,saffron
bradhitc-301.jpg,unpractice
bradhitc-302.jpg,couplet
bradhitc-303.jpg,precharge
bradhitc-304.jpg,tarryingly
bradhitc-305.jpg,lichenoid
bradhitc-306.jpg,cabda
bradhitc-307.jpg,disenthral
bradhitc-308.jpg,charivari
bradhitc-309.jpg,geikielite
bradhitc-310.jpg,hoped
bradhitc-311.jpg,traitress
bradhitc-312.jpg,Kayasth
bradhitc-313.jpg,Gulf
bradhitc-314.jpg,mosesite
bradhitc-315.jpg,exemplify
bradhitc-316.jpg,mataeology
bradhitc-317.jpg,tum
bradhitc-318.jpg,picra
bradhitc-319.jpg,obversion
bradhitc-320.jpg,mandrel
bradhitc-321.jpg,outcoming
bradhitc-322.jpg,scriven
bradhitc-323.jpg,arctic
bradhitc-324.jpg,stocker
bradhitc-325.jpg,reroll
bradhitc-326.jpg,sleek
bradhitc-327.jpg,monadical
bradhitc-328.jpg,arar
bradhitc-329.jpg,strepitous
bradhitc-330.jpg,enjoy
bradhitc-331.jpg,palberry
bradhitc-332.jpg,pentine
bradhitc-333.jpg,thermopile
bradhitc-334.jpg,kala
bradhitc-335.jpg,intersow
bradhitc-336.jpg,lazulitic
bradhitc-337.jpg,bimane
bradhitc-338.jpg,unfret
bradhitc-339.jpg,discerning
bradhitc-340.jpg,sloop
bradhitc-341.jpg,palfreyed
bradhitc-342.jpg,anaerobion
bradhitc-343.jpg,proem
bradhitc-344.jpg,choleate
bradhitc-345.jpg,antisiphon
bradhitc-346.jpg,midstroke
bradhitc-347.jpg,leadage
bradhitc-348.jpg,unplunge
bradhitc-349.jpg,syncoelom
bradhitc-350.jpg,eumitosis
bradhitc-351.jpg,misput
bradhitc-352.jpg,choenix
bradhitc-353.jpg,Cordaites
bradhitc-354.jpg,agrologic
bradhitc-355.jpg,defoul
bradhitc-356.jpg,tropeic
bradhitc-357.jpg,carbamate
bradhitc-358.jpg,traveller
bradhitc-359.jpg,servilize
bradhitc-360.jpg,watchcry
bradhitc-361.jpg,theriacal
bradhitc-362.jpg,mitrate
bradhitc-363.jpg,victualage
bradhitc-364.jpg,dich
bradhitc-365.jpg,slumwise
bradhitc-366.jpg,geobiology
bradhitc-367.jpg,lifetime
bradhitc-368.jpg,Goldy
bradhitc-369.jpg,anacidity
bradhitc-370.jpg,uncurst
bradhitc-371.jpg,paver
bradhitc-372.jpg,eating
bradhitc-373.jpg,oxer
bradhitc-374.jpg,tribute
bradhitc-375.jpg,puckerel
bradhitc-376.jpg,rodham
bradhitc-377.jpg,jiggle
bradhitc-378.jpg,leadout
bradhitc-379.jpg,hardwood
bradhitc-380.jpg,Saponaria
bradhitc-381.jpg,peculium
bradhitc-382.jpg,critical
bradhitc-383.jpg,cameraman
bradhitc-384.jpg,sharn
bradhitc-385.jpg,agua
bradhitc-386.jpg,entempest
bradhitc-387.jpg,myocardiac
bradhitc-388.jpg,cerebral
bradhitc-389.jpg,Porcula
bradhitc-390.jpg,scrambling
bradhitc-391.jpg,mythize
bradhitc-392.jpg,penttail
bradhitc-393.jpg,paleness
bradhitc-394.jpg,tarltonize
bradhitc-395.jpg,monogenic
bradhitc-396.jpg,Nathaniel
bradhitc-397.jpg,ptarmical
bradhitc-398.jpg,saltness
bradhitc-399.jpg,sweet
bradhitc-400.jpg,evict
bradhitc-401.jpg,killwort
bradhitc-402.jpg,prebelief
bradhitc-403.jpg,unfighting
bradhitc-404.jpg,Irma
bradhitc-405.jpg,puppetize
bradhitc-406.jpg,nobley
bradhitc-407.jpg,bitterbark
bradhitc-408.jpg,metatarse
bradhitc-409.jpg,stickleaf
bradhitc-410.jpg,ellagate
bradhitc-411.jpg,blanca
bradhitc-412.jpg,forspread
bradhitc-413.jpg,invalidish
bradhitc-414.jpg,semidry
bradhitc-415.jpg,enoplan
bradhitc-416.jpg,triformed
bradhitc-417.jpg,thorntail
bradhitc-418.jpg,reliable
bradhitc-419.jpg,leaflike
bradhitc-420.jpg,ominously
bradhitc-421.jpg,Rebecca
bradhitc-422.jpg,skittles
bradhitc-423.jpg,raff
bradhitc-424.jpg,convexly
bradhitc-425.jpg,effluvia
bradhitc-426.jpg,marry
bradhitc-427.jpg,reregulate
bradhitc-428.jpg,fragrance
bradhitc-429.jpg,under
bradhitc-430.jpg,Gobinism
bradhitc-431.jpg,illude
bradhitc-432.jpg,kiley
bradhitc-433.jpg,steg
bradhitc-434.jpg,rote
bradhitc-435.jpg,Vaseline
bradhitc-436.jpg,apsides
bradhitc-437.jpg,dutch
bradhitc-438.jpg,protegee
bradhitc-439.jpg,unhalter
bradhitc-440.jpg,Proparia
bradhitc-441.jpg,irksomely
bradhitc-442.jpg,eulogistic
bradhitc-443.jpg,majorship
bradhitc-444.jpg,trihydrol
bradhitc-445.jpg,Othake
bradhitc-446.jpg,arriage
bradhitc-447.jpg,cheapen
bradhitc-448.jpg,pruritic
bradhitc-449.jpg,harper
bradhitc-450.jpg,Homorelaps
bradhitc-451.jpg,trochili
bradhitc-452.jpg,corpulence
bradhitc-453.jpg,arracacha
bradhitc-454.jpg,searcher
bradhitc-455.jpg,stanzaic
bradhitc-456.jpg,hard
bradhitc-457.jpg,epiphysis
bradhitc-458.jpg,stamnos
bradhitc-459.jpg,atwixt
bradhitc-460.jpg,deathwards
bradhitc-461.jpg,endmatcher
bradhitc-462.jpg,viduated
bradhitc-463.jpg,Vaccinium
bradhitc-464.jpg,ascript
bradhitc-465.jpg,unweaken
bradhitc-466.jpg,Dicotyles
bradhitc-467.jpg,slammakin
bradhitc-468.jpg,mutch
bradhitc-469.jpg,undercut
bradhitc-470.jpg,epruinose
bradhitc-471.jpg,swayer
bradhitc-472.jpg,jacobaea
bradhitc-473.jpg,undercover
bradhitc-474.jpg,degauss
bradhitc-475.jpg,saneness
bradhitc-476.jpg,joyance
bradhitc-477.jpg,woodfish
bradhitc-478.jpg,serrulate
bradhitc-479.jpg,grufted
bradhitc-480.jpg,dawnstreak
bradhitc-481.jpg,crevalle
bradhitc-482.jpg,pyrolusite
bradhitc-483.jpg,oxamate
bradhitc-484.jpg,broiler
bradhitc-485.jpg,naphthene
bradhitc-486.jpg,searcer
bradhitc-487.jpg,affronter
bradhitc-488.jpg,errable
bradhitc-489.jpg,Achomawi
bradhitc-490.jpg,alterne
bradhitc-491.jpg,dismark
bradhitc-492.jpg,propodium
bradhitc-493.jpg,imagines
bradhitc-494.jpg,kyl
bradhitc-495.jpg,halibuter
bradhitc-496.jpg,argument
bradhitc-497.jpg,swinish
bradhitc-498.jpg,Edenize
bradhitc-499.jpg,alleviate
bradhitc-500.jpg,Rhombozoa
bradhitc-501.jpg,zealotic
bradhitc-502.jpg,Cossidae
bradhitc-503.jpg,preordain
bradhitc-504.jpg,proceeding
bradhitc-505.jpg,Aldhafara
bradhitc-506.jpg,megapode
bradhitc-507.jpg,toothing
bradhitc-508.jpg,sicklelike
bradhitc-509.jpg,abristle
bradhitc-510.jpg,quickener
bradhitc-511.jpg,renownedly
bradhitc-512.jpg,solemn
bradhitc-513.jpg,snowplow
bradhitc-514.jpg,mat
bradhitc-515.jpg,precompass
bradhitc-516.jpg,styling
bradhitc-517.jpg,llautu
bradhitc-518.jpg,gillaroo
bradhitc-519.jpg,Alida
bradhitc-520.jpg,antibromic
bradhitc-521.jpg,sterrinck
bradhitc-522.jpg,lintseed
bradhitc-523.jpg,pellard
bradhitc-524.jpg,hypinotic
bradhitc-525.jpg,gibbously
bradhitc-526.jpg,molestful
bradhitc-527.jpg,univorous
bradhitc-528.jpg,lys
bradhitc-529.jpg,yardsman
bradhitc-530.jpg,amice
bradhitc-531.jpg,Tracaulon
bradhitc-532.jpg,Jatulian
bradhitc-533.jpg,submucous
bradhitc-534.jpg,Nazirite
bradhitc-535.jpg,Chaldaei
bradhitc-536.jpg,picador
bradhitc-537.jpg,crossfoot
bradhitc-538.jpg,egotize
bradhitc-539.jpg,haulmy
bradhitc-540.jpg,shiftiness
bradhitc-541.jpg,tetraster
bradhitc-542.jpg,poophyte
bradhitc-543.jpg,peracidite
bradhitc-544.jpg,Madelon
bradhitc-545.jpg,Okapia
bradhitc-546.jpg,cumbly
bradhitc-547.jpg,deediness
bradhitc-548.jpg,Cineraria
bradhitc-549.jpg,battered
bradhitc-550.jpg,scalder
bradhitc-551.jpg,bandanna
bradhitc-552.jpg,bushranger
bradhitc-553.jpg,Vampyrella
bradhitc-554.jpg,mistaken
bradhitc-555.jpg,aftercause
bradhitc-556.jpg,bathylite
bradhitc-557.jpg,airfreight
bradhitc-558.jpg,fastuously
bradhitc-559.jpg,fifth
bradhitc-560.jpg,nuncio
bradhitc-561.jpg,Morris
bradhitc-562.jpg,osmesis
bradhitc-563.jpg,sistering
bradhitc-564.jpg,Aeolic
bradhitc-565.jpg,Urbanist
bradhitc-566.jpg,Macusi
bradhitc-567.jpg,colorin
bradhitc-568.jpg,cerealist
bradhitc-569.jpg,skell
bradhitc-570.jpg,detainal
bradhitc-571.jpg,parasitize
bradhitc-572.jpg,biflorate
bradhitc-573.jpg,maggoty
bradhitc-574.jpg,innet
bradhitc-575.jpg,Aberdeen
bradhitc-576.jpg,chyle
bradhitc-577.jpg,year
bradhitc-578.jpg,gudefather
bradhitc-579.jpg,rhizotomy
bradhitc-580.jpg,hulkage
bradhitc-581.jpg,Masanao
bradhitc-582.jpg,hunting
bradhitc-583.jpg,homilite
bradhitc-584.jpg,joyousness
bradhitc-585.jpg,coquicken
bradhitc-586.jpg,aumous
bradhitc-587.jpg,skelp
bradhitc-588.jpg,arsanilic
bradhitc-589.jpg,appressor
bradhitc-590.jpg,morbility
bradhitc-591.jpg,armscye
bradhitc-592.jpg,wardenry
bradhitc-593.jpg,agistment
bradhitc-594.jpg,indite
bradhitc-595.jpg,Thyris
bradhitc-596.jpg,fusoid
bradhitc-597.jpg,infirmarer
bradhitc-598.jpg,bemuslined
bradhitc-599.jpg,moucharaby
bradhitc-600.jpg,toxicum
bradhitc-601.jpg,guardant
bradhitc-602.jpg,wakf
bradhitc-603.jpg,Jake
bradhitc-604.jpg,Foism
bradhitc-605.jpg,suboblique
bradhitc-606.jpg,cyanopia
bradhitc-607.jpg,meroistic
bradhitc-608.jpg,expressly
bradhitc-609.jpg,redemolish
bradhitc-610.jpg,cloth
bradhitc-611.jpg,kneehole
bradhitc-612.jpg,innovant
bradhitc-613.jpg,twanginess
bradhitc-614.jpg,nestful
bradhitc-615.jpg,tomentum
bradhitc-616.jpg,auxotox
bradhitc-617.jpg,Galaxias
bradhitc-618.jpg,rotated
bradhitc-619.jpg,afwillite
bradhitc-620.jpg,denticular
bradhitc-621.jpg,knickpoint
bradhitc-622.jpg,mignonne
bradhitc-623.jpg,transshift
bradhitc-624.jpg,pasi
bradhitc-625.jpg,hone
bradhitc-626.jpg,porphyry
bradhitc-627.jpg,Gesnera
bradhitc-628.jpg,scareproof
bradhitc-629.jpg,Nesogaean
bradhitc-630.jpg,initial
bradhitc-631.jpg,metanilic
bradhitc-632.jpg,querulent
bradhitc-633.jpg,chumpy
bradhitc-634.jpg,prepontile
bradhitc-635.jpg,wrinklet
bradhitc-636.jpg,detonate
bradhitc-637.jpg,Mazhabi
bradhitc-638.jpg,homosexual
bradhitc-639.jpg,rightful
bradhitc-640.jpg,unflead
bradhitc-641.jpg,Atlaslike
bradhitc-642.jpg,bannered
bradhitc-643.jpg,people
bradhitc-644.jpg,bootyless
bradhitc-645.jpg,vileness
bradhitc-646.jpg,womanlike
bradhitc-647.jpg,formful
bradhitc-648.jpg,twifoldly
bradhitc-649.jpg,strewer
bradhitc-650.jpg,paramagnet
bradhitc-651.jpg,shipping
bradhitc-652.jpg,unbegirt
bradhitc-653.jpg,cointer
bradhitc-654.jpg,eternity
bradhitc-655.jpg,woofer
bradhitc-656.jpg,jours
bradhitc-657.jpg,pitmirk
bradhitc-658.jpg,emulous
bradhitc-659.jpg,deltic
bradhitc-660.jpg,repasser
bradhitc-661.jpg,Juvenalian
bradhitc-662.jpg,scrabble
bradhitc-663.jpg,reconceive
bradhitc-664.jpg,Illanun
bradhitc-665.jpg,seawife
bradhitc-666.jpg,mastoidale
bradhitc-667.jpg,neuraxial
bradhitc-668.jpg,Fiji
bradhitc-669.jpg,Laputa
bradhitc-670.jpg,reveler
bradhitc-671.jpg,Oligocene
bradhitc-672.jpg,larviform
bradhitc-673.jpg,Hyblaea
bradhitc-674.jpg,luciform
bradhitc-675.jpg,winterish
bradhitc-676.jpg,drowsiness
bradhitc-677.jpg,technicist
bradhitc-678.jpg,teaseler
bradhitc-679.jpg,hatt
bradhitc-680.jpg,amylolytic
bradhitc-681.jpg,phacoidal
bradhitc-682.jpg,tribble
bradhitc-683.jpg,somaplasm
bradhitc-684.jpg,Kipchak
bradhitc-685.jpg,porogamous
bradhitc-686.jpg,machinify
bradhitc-687.jpg,transient
bradhitc-688.jpg,quirksome
bradhitc-689.jpg,toiletry
bradhitc-690.jpg,opalesque
bradhitc-691.jpg,alternator
bradhitc-692.jpg,intoxicant
bradhitc-693.jpg,cloacaline
bradhitc-694.jpg,tunful
bradhitc-695.jpg,afterimage
bradhitc-696.jpg,sune
bradhitc-697.jpg,contrahent
bradhitc-698.jpg,depart
bradhitc-699.jpg,scobiform
bradhitc-700.jpg,gynospore
bradhitc-701.jpg,unvoting
bradhitc-702.jpg,reoffer
bradhitc-703.jpg,mango
bradhitc-704.jpg,septuple
bradhitc-705.jpg,reparable
bradhitc-706.jpg,Protophyta
bradhitc-707.jpg,standage
bradhitc-708.jpg,unfabling
bradhitc-709.jpg,underslip
bradhitc-710.jpg,vineatic
bradhitc-711.jpg,Rellyan
bradhitc-712.jpg,micromania
bradhitc-713.jpg,invitation
bradhitc-714.jpg,Minitari
bradhitc-715.jpg,lathesman
bradhitc-716.jpg,Euglandina
bradhitc-717.jpg,lysate
bradhitc-718.jpg,admirative
bradhitc-719.jpg,kapp
bradhitc-720.jpg,sabromin
bradhitc-721.jpg,Akra
bradhitc-722.jpg,slodder
bradhitc-723.jpg,maimedly
bradhitc-724.jpg,tweet
bradhitc-725.jpg,unhypnotic
bradhitc-726.jpg,axiform
bradhitc-727.jpg,bladelet
bradhitc-728.jpg,cocash
bradhitc-729.jpg,presentee
bradhitc-730.jpg,volery
bradhitc-731.jpg,tweed
bradhitc-732.jpg,devious
bradhitc-733.jpg,Swahili
bradhitc-734.jpg,ladler
bradhitc-735.jpg,glutose
bradhitc-736.jpg,toxically
bradhitc-737.jpg,panada
bradhitc-738.jpg,skyscraper
bradhitc-739.jpg,Hobbian
bradhitc-740.jpg,riyal
bradhitc-741.jpg,antemedial
bradhitc-742.jpg,colport
bradhitc-743.jpg,allotropic
bradhitc-744.jpg,hypopepsia
bradhitc-745.jpg,lawyerlike
bradhitc-746.jpg,horograph
bradhitc-747.jpg,ateuchi
bradhitc-748.jpg,sleyer
bradhitc-749.jpg,lunes
bradhitc-750.jpg,Eberthella
bradhitc-751.jpg,Pakawa
bradhitc-752.jpg,uloid
bradhitc-753.jpg,euphuist
bradhitc-754.jpg,unmanly
bradhitc-755.jpg,zumatic
bradhitc-756.jpg,trammelled
bradhitc-757.jpg,minstrel
bradhitc-758.jpg,gurgeon
bradhitc-759.jpg,misguggle
bradhitc-760.jpg,quave
bradhitc-761.jpg,townful
bradhitc-762.jpg,midrib
bradhitc-763.jpg,bulbotuber
bradhitc-764.jpg,Abrahamite
bradhitc-765.jpg,hauntingly
bradhitc-766.jpg,kyte
bradhitc-767.jpg,razz
bradhitc-768.jpg,kissingly
bradhitc-769.jpg,biparted
bradhitc-770.jpg,peristyle
bradhitc-771.jpg,denegation
bradhitc-772.jpg,actinian
bradhitc-773.jpg,wasplike
bradhitc-774.jpg,exosmic
bradhitc-775.jpg,illustrate
bradhitc-776.jpg,nictation
bradhitc-777.jpg,yesterday
bradhitc-778.jpg,Ligusticum
bradhitc-779.jpg,shruff
bradhitc-780.jpg,Stapelia
bradhitc-781.jpg,quadruplex
bradhitc-782.jpg,valeramide
bradhitc-783.jpg,sublinear
bradhitc-784.jpg,Amelia
bradhitc-785.jpg,Siredon
bradhitc-786.jpg,Caddoan
bradhitc-787.jpg,sheered
bradhitc-788.jpg,enveil
bradhitc-789.jpg,demand
bradhitc-790.jpg,stumper
bradhitc-791.jpg,lumpish
bradhitc-792.jpg,fear
bradhitc-793.jpg,coheiress
bradhitc-794.jpg,busybodied
bradhitc-795.jpg,tinned
bradhitc-796.jpg,shutter
bradhitc-797.jpg,agitable
bradhitc-798.jpg,rebeat
bradhitc-799.jpg,torchwort
bradhitc-800.jpg,floralize
bradhitc-801.jpg,apocopate
bradhitc-802.jpg,unbelieve
bradhitc-803.jpg,emulative
bradhitc-804.jpg,netwise
bradhitc-805.jpg,prismatic
bradhitc-806.jpg,nonforeign
bradhitc-807.jpg,untripping
bradhitc-808.jpg,indexed
bradhitc-809.jpg,reorder
bradhitc-810.jpg,Erysiphe
bradhitc-811.jpg,hippometer
bradhitc-812.jpg,thereon
bradhitc-813.jpg,initiative
bradhitc-814.jpg,submediant
bradhitc-815.jpg,sheephouse
bradhitc-816.jpg,reabsorb
bradhitc-817.jpg,rationally
bradhitc-818.jpg,Raghu
bradhitc-819.jpg,theodolite
bradhitc-820.jpg,Betulites
bradhitc-821.jpg,bedlamite
bradhitc-822.jpg,fusee
bradhitc-823.jpg,bolometric
bradhitc-824.jpg,Calicut
bradhitc-825.jpg,outdoors
bradhitc-826.jpg,flecker
bradhitc-827.jpg,cynipoid
bradhitc-828.jpg,leam
bradhitc-829.jpg,lurchline
bradhitc-830.jpg,veerable
bradhitc-831.jpg,odor
bradhitc-832.jpg,homopolic
bradhitc-833.jpg,colonnette
bradhitc-834.jpg,gunwale
bradhitc-835.jpg,cacophonic
bradhitc-836.jpg,freeness
bradhitc-837.jpg,subsocial
bradhitc-838.jpg,notching
bradhitc-839.jpg,becrawl
bradhitc-840.jpg,uneclipsed
bradhitc-841.jpg,Pieris
bradhitc-842.jpg,Dromicia
bradhitc-843.jpg,Larry
bradhitc-844.jpg,partialism
bradhitc-845.jpg,wandering
bradhitc-846.jpg,Jean
bradhitc-847.jpg,difform
bradhitc-848.jpg,replaster
bradhitc-849.jpg,holeproof
bradhitc-850.jpg,hetaera
bradhitc-851.jpg,unsealer
bradhitc-852.jpg,Empeo
bradhitc-853.jpg,shauwe
bradhitc-854.jpg,tawdrily
bradhitc-855.jpg,doohinkey
bradhitc-856.jpg,Covarecan
bradhitc-857.jpg,marengo
bradhitc-858.jpg,floroscope
bradhitc-859.jpg,idealize
bradhitc-860.jpg,goodlihead
bradhitc-861.jpg,cosmically
bradhitc-862.jpg,Miguel
bradhitc-863.jpg,obi
bradhitc-864.jpg,strickless
bradhitc-865.jpg,outraging
bradhitc-866.jpg,Squawtits
bradhitc-867.jpg,acampsia
bradhitc-868.jpg,stripe
bradhitc-869.jpg,spleenless
bradhitc-870.jpg,medieval
bradhitc-871.jpg,geometrid
bradhitc-872.jpg,palterer
bradhitc-873.jpg,Cuchulainn
bradhitc-874.jpg,rahdaree
bradhitc-875.jpg,phansigar
bradhitc-876.jpg,forevow
bradhitc-877.jpg,ghazism
bradhitc-878.jpg,choryos
bradhitc-879.jpg,pithecan
bradhitc-880.jpg,gluck
bradhitc-881.jpg,Medellin
bradhitc-882.jpg,ammocoete
bradhitc-883.jpg,banality
bradhitc-884.jpg,dodman
bradhitc-885.jpg,Euphues
bradhitc-886.jpg,equanimity
bradhitc-887.jpg,matutinely
bradhitc-888.jpg,betrinket
bradhitc-889.jpg,interaxis
bradhitc-890.jpg,betrim
bradhitc-891.jpg,consumpt
bradhitc-892.jpg,unnotched
bradhitc-893.jpg,undying
bradhitc-894.jpg,fieldish
bradhitc-895.jpg,angor
bradhitc-896.jpg,planosome
bradhitc-897.jpg,clobberer
bradhitc-898.jpg,pisk
bradhitc-899.jpg,unjudge
bradhitc-900.jpg,amphibiety
bradhitc-901.jpg,recusation
bradhitc-902.jpg,brawniness
bradhitc-903.jpg,Zacatec
bradhitc-904.jpg,pall
bradhitc-905.jpg,Antarctica
bradhitc-906.jpg,windlessly
bradhitc-907.jpg,dispender
bradhitc-908.jpg,bedraggle
bradhitc-909.jpg,shoreward
bradhitc-910.jpg,subah
bradhitc-911.jpg,physometra
bradhitc-912.jpg,maumet
bradhitc-913.jpg,resile
bradhitc-914.jpg,ingenuity
bradhitc-915.jpg,exocoelom
bradhitc-916.jpg,trophal
bradhitc-917.jpg,Caririan
bradhitc-918.jpg,missionary
bradhitc-919.jpg,assise
bradhitc-920.jpg,maldonite
bradhitc-921.jpg,Lodoicea
bradhitc-922.jpg,clang
bradhitc-923.jpg,unwellness
bradhitc-924.jpg,shoppy
bradhitc-925.jpg,untrowed
bradhitc-926.jpg,Lophopoda
bradhitc-927.jpg,cunning
bradhitc-928.jpg,macrocytic
bradhitc-929.jpg,sport
bradhitc-930.jpg,depurate
bradhitc-931.jpg,autoxidize
bradhitc-932.jpg,wileproof
bradhitc-933.jpg,blinkered
bradhitc-934.jpg,semicollar
bradhitc-935.jpg,dihedron
bradhitc-936.jpg,hoopwood
bradhitc-937.jpg,foliation
bradhitc-938.jpg,quilted
bradhitc-939.jpg,overtask
bradhitc-940.jpg,thevetin
bradhitc-941.jpg,expecter
bradhitc-942.jpg,tarn
bradhitc-943.jpg,ungradated
bradhitc-944.jpg,Bardolatry
bradhitc-945.jpg,symbolics
bradhitc-946.jpg,Subra
bradhitc-947.jpg,facet
bradhitc-948.jpg,layover
bradhitc-949.jpg,slumward
bradhitc-950.jpg,vest
bradhitc-951.jpg,centipede
bradhitc-952.jpg,resisting
bradhitc-953.jpg,unrecusant
bradhitc-954.jpg,kittenless
bradhitc-955.jpg,fugitive
bradhitc-956.jpg,amoretto
bradhitc-957.jpg,Tobiah
bradhitc-958.jpg,autumnian
bradhitc-959.jpg,pileous
bradhitc-960.jpg,isocheimal
bradhitc-961.jpg,ava
bradhitc-962.jpg,arhar
bradhitc-963.jpg,oncostman
bradhitc-964.jpg,stenosed
bradhitc-965.jpg,cardcase
bradhitc-966.jpg,goldwater
bradhitc-967.jpg,Taungthu
bradhitc-968.jpg,rheobase
bradhitc-969.jpg,deedbox
bradhitc-970.jpg,reason
bradhitc-971.jpg,solvend
bradhitc-972.jpg,iniquity
bradhitc-973.jpg,unleagued
bradhitc-974.jpg,Divvers
bradhitc-975.jpg,preholding
bradhitc-976.jpg,Melaleuca
bradhitc-977.jpg,mark
bradhitc-978.jpg,bustee
bradhitc-979.jpg,roseways
bradhitc-980.jpg,bullydom
bradhitc-981.jpg,overrake
bradhitc-982.jpg,hippolite
bradhitc-983.jpg,gonococcus
bradhitc-984.jpg,epicanthus
bradhitc-985.jpg,drupaceous
bradhitc-986.jpg,belemnitic
bradhitc-987.jpg,amorado
bradhitc-988.jpg,wieldable
bradhitc-989.jpg,emissive
bradhitc-990.jpg,disrestore
bradhitc-991.jpg,tricostate
bradhitc-992.jpg,Gepidae
bradhitc-993.jpg,norleucine
bradhitc-994.jpg,bosset
bradhitc-995.jpg,vizier
bradhitc-996.jpg,kymbalon
bradhitc-997.jpg,Etheostoma
bradhitc-998.jpg,treater
bradhitc-999.jpg,wickedly
bradhitc-1000.jpg,rand
bradhitc-1001.jpg,gangdom
bradhitc-1002.jpg,compliable
bradhitc-1003.jpg,sclimb
bradhitc-1004.jpg,twat
bradhitc-1005.jpg,preissue
bradhitc-1006.jpg,unmirthful
bradhitc-1007.jpg,monstrify
bradhitc-1008.jpg,Jason
bradhitc-1009.jpg,afterking
bradhitc-1010.jpg,gastrocele
bradhitc-1011.jpg,soliform
bradhitc-1012.jpg,forkiness
bradhitc-1013.jpg,predraw
bradhitc-1014.jpg,calcemia
bradhitc-1015.jpg,asepticism
bradhitc-1016.jpg,unembraced
bradhitc-1017.jpg,entomology
bradhitc-1018.jpg,pregustant
bradhitc-1019.jpg,Cucurbita
bradhitc-1020.jpg,plicated
bradhitc-1021.jpg,rimple
bradhitc-1022.jpg,uncoerced
bradhitc-1023.jpg,cenobitic
bradhitc-1024.jpg,paracystic
bradhitc-1025.jpg,audible
bradhitc-1026.jpg,saburra
bradhitc-1027.jpg,storify
bradhitc-1028.jpg,disband
bradhitc-1029.jpg,proclaimer
bradhitc-1030.jpg,Polymyarii
bradhitc-1031.jpg,scatterer
bradhitc-1032.jpg,gloryful
bradhitc-1033.jpg,arbor
bradhitc-1034.jpg,Wega
bradhitc-1035.jpg,pentane
bradhitc-1036.jpg,sanctifier
bradhitc-1037.jpg,chinwood
bradhitc-1038.jpg,Wykehamist
bradhitc-1039.jpg,Dokmarok
bradhitc-1040.jpg,polder
bradhitc-1041.jpg,Glumales
bradhitc-1042.jpg,Hochheimer
bradhitc-1043.jpg,Veronica
bradhitc-1044.jpg,camelman
bradhitc-1045.jpg,porismatic
bradhitc-1046.jpg,fescue
bradhitc-1047.jpg,catechism
bradhitc-1048.jpg,dovish
bradhitc-1049.jpg,microzyme
bradhitc-1050.jpg,vacational
bradhitc-1051.jpg,imbrute
bradhitc-1052.jpg,hire
bradhitc-1053.jpg,Tamanaco
bradhitc-1054.jpg,umbella
bradhitc-1055.jpg,oddman
bradhitc-1056.jpg,patavinity
bradhitc-1057.jpg,fleyland
bradhitc-1058.jpg,dammer
bradhitc-1059.jpg,polissoir
bradhitc-1060.jpg,ramiform
bradhitc-1061.jpg,scutulum
bradhitc-1062.jpg,craniotome
bradhitc-1063.jpg,sluttish
bradhitc-1064.jpg,polymorphy
bradhitc-1065.jpg,pimaric
bradhitc-1066.jpg,drowsily
bradhitc-1067.jpg,basta
bradhitc-1068.jpg,prophase
bradhitc-1069.jpg,uphelm
bradhitc-1070.jpg,expiation
bradhitc-1071.jpg,macular
bradhitc-1072.jpg,Aoife
bradhitc-1073.jpg,curlew
bradhitc-1074.jpg,solutional
bradhitc-1075.jpg,psychogeny
bradhitc-1076.jpg,refan
bradhitc-1077.jpg,freir
bradhitc-1078.jpg,reactional
bradhitc-1079.jpg,roomlet
bradhitc-1080.jpg,parapodial
bradhitc-1081.jpg,scotoma
bradhitc-1082.jpg,unrhymed
bradhitc-1083.jpg,Clavaria
bradhitc-1084.jpg,phelonion
bradhitc-1085.jpg,Chaldaical
bradhitc-1086.jpg,kirktown
bradhitc-1087.jpg,forthcomer
bradhitc-1088.jpg,assessor
bradhitc-1089.jpg,stellate
bradhitc-1090.jpg,despect
bradhitc-1091.jpg,Shawanese
bradhitc-1092.jpg,exsection
bradhitc-1093.jpg,argental
bradhitc-1094.jpg,Spironema
bradhitc-1095.jpg,cheerily
bradhitc-1096.jpg,dentinal
bradhitc-1097.jpg,Trigonia
bradhitc-1098.jpg,struthian
bradhitc-1099.jpg,renvoi
