comic-001.jpg,Nosema
comic-002.jpg,myelon
comic-003.jpg,coincide
comic-004.jpg,Megaphyton
comic-005.jpg,predebater
comic-006.jpg,hurling
comic-007.jpg,thyridial
comic-008.jpg,saberlike
comic-009.jpg,obfuscate
comic-010.jpg,playwright
comic-011.jpg,blabberer
comic-012.jpg,Cnicus
comic-013.jpg,jerque
comic-014.jpg,maidish
comic-015.jpg,Shaptan
comic-016.jpg,Scillitan
comic-017.jpg,porthors
comic-018.jpg,pledgor
comic-019.jpg,zimmis
comic-020.jpg,Seidel
comic-021.jpg,hoarsely
comic-022.jpg,Lyas
comic-023.jpg,butic
comic-024.jpg,deformer
comic-025.jpg,ripicolous
comic-026.jpg,teaser
comic-027.jpg,arachnopia
comic-028.jpg,unshouted
comic-029.jpg,unhand
comic-030.jpg,sheely
comic-031.jpg,epitapher
comic-032.jpg,fee
comic-033.jpg,superbrute
comic-034.jpg,bootlicker
comic-035.jpg,cymbate
comic-036.jpg,abear
comic-037.jpg,sporangia
comic-038.jpg,fjarding
comic-039.jpg,impudently
comic-040.jpg,kulimit
comic-041.jpg,sparkback
comic-042.jpg,unladyfied
comic-043.jpg,toxamin
comic-044.jpg,overmighty
comic-045.jpg,torcel
comic-046.jpg,basiscopic
comic-047.jpg,speel
comic-048.jpg,groined
comic-049.jpg,escritoire
comic-050.jpg,bastinado
comic-051.jpg,stele
comic-052.jpg,civility
comic-053.jpg,span
comic-054.jpg,root
comic-055.jpg,durant
comic-056.jpg,liner
comic-057.jpg,histozoic
comic-058.jpg,antirabies
comic-059.jpg,hopperburn
comic-060.jpg,reroot
comic-061.jpg,coheritage
comic-062.jpg,tegumen
comic-063.jpg,skey
comic-064.jpg,chilidium
comic-065.jpg,foreheater
comic-066.jpg,urosome
comic-067.jpg,broadly
comic-068.jpg,along
comic-069.jpg,hodiernal
comic-070.jpg,kenning
comic-071.jpg,lacerable
comic-072.jpg,prejustify
comic-073.jpg,Egyptian
comic-074.jpg,Rommany
comic-075.jpg,ascending
comic-076.jpg,culottic
comic-077.jpg,oxytocous
comic-078.jpg,train
comic-079.jpg,formlessly
comic-080.jpg,totquot
comic-081.jpg,baldachino
comic-082.jpg,lawmonger
comic-083.jpg,gingerness
comic-084.jpg,issue
comic-085.jpg,nonthinker
comic-086.jpg,ethonomic
comic-087.jpg,silicium
comic-088.jpg,stupidish
comic-089.jpg,warmness
comic-090.jpg,dribbler
comic-091.jpg,cappy
comic-092.jpg,metrify
comic-093.jpg,souslik
comic-094.jpg,jactance
comic-095.jpg,Renardine
comic-096.jpg,pelike
comic-097.jpg,excuse
comic-098.jpg,Navarrese
comic-099.jpg,Slavonism
comic-100.jpg,helicopter
comic-101.jpg,Eppie
comic-102.jpg,apologize
comic-103.jpg,Psorophora
comic-104.jpg,palanka
comic-105.jpg,cockarouse
comic-106.jpg,mancipium
comic-107.jpg,fishy
comic-108.jpg,preconsent
comic-109.jpg,karagan
comic-110.jpg,Cinnamomum
comic-111.jpg,coop
comic-112.jpg,federator
comic-113.jpg,papaya
comic-114.jpg,landside
comic-115.jpg,suckable
comic-116.jpg,fervidly
comic-117.jpg,ryot
comic-118.jpg,rebeguile
comic-119.jpg,tavolatite
comic-120.jpg,Bristol
comic-121.jpg,Ajaja
comic-122.jpg,antiflux
comic-123.jpg,animatism
comic-124.jpg,panococo
comic-125.jpg,smouse
comic-126.jpg,estivation
comic-127.jpg,diswood
comic-128.jpg,munch
comic-129.jpg,geogony
comic-130.jpg,prerental
comic-131.jpg,slide
comic-132.jpg,debut
comic-133.jpg,Indologist
comic-134.jpg,aspersive
comic-135.jpg,spiffing
comic-136.jpg,veridical
comic-137.jpg,Semiticism
comic-138.jpg,capucine
comic-139.jpg,grillade
comic-140.jpg,pewing
comic-141.jpg,sinaite
comic-142.jpg,explicator
comic-143.jpg,musicality
comic-144.jpg,ringable
comic-145.jpg,dreamful
comic-146.jpg,quiddler
comic-147.jpg,tachogram
comic-148.jpg,sirenoid
comic-149.jpg,Titmarsh
comic-150.jpg,uncurable
comic-151.jpg,novilunar
comic-152.jpg,coner
comic-153.jpg,Fissipes
comic-154.jpg,Zabian
comic-155.jpg,dacoity
comic-156.jpg,indemnitor
comic-157.jpg,encryption
comic-158.jpg,functional
comic-159.jpg,braceleted
comic-160.jpg,sexangled
comic-161.jpg,Supai
comic-162.jpg,subsegment
comic-163.jpg,aplanatic
comic-164.jpg,blatjang
comic-165.jpg,heroical
comic-166.jpg,stairstep
comic-167.jpg,kagu
comic-168.jpg,herniate
comic-169.jpg,philippus
comic-170.jpg,Mohineyam
comic-171.jpg,goetical
comic-172.jpg,portal
comic-173.jpg,evergreen
comic-174.jpg,salutary
comic-175.jpg,parciloquy
comic-176.jpg,presumer
comic-177.jpg,perula
comic-178.jpg,footings
comic-179.jpg,Vernonia
comic-180.jpg,grudgeful
comic-181.jpg,Frenchy
comic-182.jpg,grassation
comic-183.jpg,Orthis
comic-184.jpg,hexacanth
comic-185.jpg,lung
comic-186.jpg,antifreeze
comic-187.jpg,onymancy
comic-188.jpg,asymmetry
comic-189.jpg,euphonize
comic-190.jpg,firebreak
comic-191.jpg,oxidase
comic-192.jpg,redream
comic-193.jpg,xenophile
comic-194.jpg,iliosacral
comic-195.jpg,presenile
comic-196.jpg,chevesaile
comic-197.jpg,Notidani
comic-198.jpg,Hilary
comic-199.jpg,Leora
comic-200.jpg,teetotal
comic-201.jpg,saccomyoid
comic-202.jpg,interlot
comic-203.jpg,rath
comic-204.jpg,argotic
comic-205.jpg,endosmosis
comic-206.jpg,froster
comic-207.jpg,kilting
comic-208.jpg,jarfly
comic-209.jpg,eusuchian
comic-210.jpg,compilator
comic-211.jpg,alefnull
comic-212.jpg,centriscid
comic-213.jpg,verd
comic-214.jpg,gallous
comic-215.jpg,eidolology
comic-216.jpg,churled
comic-217.jpg,suckage
comic-218.jpg,Codiaceae
comic-219.jpg,inner
comic-220.jpg,Palaic
comic-221.jpg,quashey
comic-222.jpg,jermonal
comic-223.jpg,forecast
comic-224.jpg,biolith
comic-225.jpg,sportfully
comic-226.jpg,inherit
comic-227.jpg,millable
comic-228.jpg,unhaunt
comic-229.jpg,Odostemon
comic-230.jpg,subnormal
comic-231.jpg,peba
comic-232.jpg,pressurize
comic-233.jpg,ignoble
comic-234.jpg,unpotted
comic-235.jpg,tineman
comic-236.jpg,Molothrus
comic-237.jpg,vierling
comic-238.jpg,infestant
comic-239.jpg,kromogram
comic-240.jpg,sheathing
comic-241.jpg,Centaurid
comic-242.jpg,griffinism
comic-243.jpg,loxic
comic-244.jpg,ribose
comic-245.jpg,cowal
comic-246.jpg,Darjeeling
comic-247.jpg,meed
comic-248.jpg,stanchable
comic-249.jpg,lam
comic-250.jpg,zebralike
comic-251.jpg,cannulated
comic-252.jpg,sorite
comic-253.jpg,corectome
comic-254.jpg,libelous
comic-255.jpg,Sylvia
comic-256.jpg,colorer
comic-257.jpg,melotragic
comic-258.jpg,paradoxism
comic-259.jpg,placatory
comic-260.jpg,unformal
comic-261.jpg,interpeal
comic-262.jpg,mantis
comic-263.jpg,theomantic
comic-264.jpg,retia
comic-265.jpg,smuggish
comic-266.jpg,Walt
comic-267.jpg,trustily
comic-268.jpg,demurring
comic-269.jpg,demibeast
comic-270.jpg,flaggery
comic-271.jpg,helicon
comic-272.jpg,radical
comic-273.jpg,filature
comic-274.jpg,cruck
comic-275.jpg,epiphora
comic-276.jpg,rostroid
comic-277.jpg,forehold
comic-278.jpg,detailist
comic-279.jpg,thatchy
comic-280.jpg,Hades
comic-281.jpg,tay
comic-282.jpg,mogo
comic-283.jpg,layland
comic-284.jpg,adipometer
comic-285.jpg,bailee
comic-286.jpg,slane
comic-287.jpg,unenounced
comic-288.jpg,path
comic-289.jpg,adulteress
comic-290.jpg,replod
comic-291.jpg,weighbar
comic-292.jpg,orthoscope
comic-293.jpg,meal
comic-294.jpg,moist
comic-295.jpg,Syrnium
comic-296.jpg,tozee
comic-297.jpg,aratory
comic-298.jpg,handwork
comic-299.jpg,psalis
comic-300.jpg,saffron
comic-301.jpg,unpractice
comic-302.jpg,couplet
comic-303.jpg,precharge
comic-304.jpg,tarryingly
comic-305.jpg,lichenoid
comic-306.jpg,cabda
comic-307.jpg,disenthral
comic-308.jpg,charivari
comic-309.jpg,geikielite
comic-310.jpg,hoped
comic-311.jpg,traitress
comic-312.jpg,Kayasth
comic-313.jpg,Gulf
comic-314.jpg,mosesite
comic-315.jpg,exemplify
comic-316.jpg,mataeology
comic-317.jpg,tum
comic-318.jpg,picra
comic-319.jpg,obversion
comic-320.jpg,mandrel
comic-321.jpg,outcoming
comic-322.jpg,scriven
comic-323.jpg,arctic
comic-324.jpg,stocker
comic-325.jpg,reroll
comic-326.jpg,sleek
comic-327.jpg,monadical
comic-328.jpg,arar
comic-329.jpg,strepitous
comic-330.jpg,enjoy
comic-331.jpg,palberry
comic-332.jpg,pentine
comic-333.jpg,thermopile
comic-334.jpg,kala
comic-335.jpg,intersow
comic-336.jpg,lazulitic
comic-337.jpg,bimane
comic-338.jpg,unfret
comic-339.jpg,discerning
comic-340.jpg,sloop
comic-341.jpg,palfreyed
comic-342.jpg,anaerobion
comic-343.jpg,proem
comic-344.jpg,choleate
comic-345.jpg,antisiphon
comic-346.jpg,midstroke
comic-347.jpg,leadage
comic-348.jpg,unplunge
comic-349.jpg,syncoelom
comic-350.jpg,eumitosis
comic-351.jpg,misput
comic-352.jpg,choenix
comic-353.jpg,Cordaites
comic-354.jpg,agrologic
comic-355.jpg,defoul
comic-356.jpg,tropeic
comic-357.jpg,carbamate
comic-358.jpg,traveller
comic-359.jpg,servilize
comic-360.jpg,watchcry
comic-361.jpg,theriacal
comic-362.jpg,mitrate
comic-363.jpg,victualage
comic-364.jpg,dich
comic-365.jpg,slumwise
comic-366.jpg,geobiology
comic-367.jpg,lifetime
comic-368.jpg,Goldy
comic-369.jpg,anacidity
comic-370.jpg,uncurst
comic-371.jpg,paver
comic-372.jpg,eating
comic-373.jpg,oxer
comic-374.jpg,tribute
comic-375.jpg,puckerel
comic-376.jpg,rodham
comic-377.jpg,jiggle
comic-378.jpg,leadout
comic-379.jpg,hardwood
comic-380.jpg,Saponaria
comic-381.jpg,peculium
comic-382.jpg,critical
comic-383.jpg,cameraman
comic-384.jpg,sharn
comic-385.jpg,agua
comic-386.jpg,entempest
comic-387.jpg,myocardiac
comic-388.jpg,cerebral
comic-389.jpg,Porcula
comic-390.jpg,scrambling
comic-391.jpg,mythize
comic-392.jpg,penttail
comic-393.jpg,paleness
comic-394.jpg,tarltonize
comic-395.jpg,monogenic
comic-396.jpg,Nathaniel
comic-397.jpg,ptarmical
comic-398.jpg,saltness
comic-399.jpg,sweet
comic-400.jpg,evict
comic-401.jpg,killwort
comic-402.jpg,prebelief
comic-403.jpg,unfighting
comic-404.jpg,Irma
comic-405.jpg,puppetize
comic-406.jpg,nobley
comic-407.jpg,bitterbark
comic-408.jpg,metatarse
comic-409.jpg,stickleaf
comic-410.jpg,ellagate
comic-411.jpg,blanca
comic-412.jpg,forspread
comic-413.jpg,invalidish
comic-414.jpg,semidry
comic-415.jpg,enoplan
comic-416.jpg,triformed
comic-417.jpg,thorntail
comic-418.jpg,reliable
comic-419.jpg,leaflike
comic-420.jpg,ominously
comic-421.jpg,Rebecca
comic-422.jpg,skittles
comic-423.jpg,raff
comic-424.jpg,convexly
comic-425.jpg,effluvia
comic-426.jpg,marry
comic-427.jpg,reregulate
comic-428.jpg,fragrance
comic-429.jpg,under
comic-430.jpg,Gobinism
comic-431.jpg,illude
comic-432.jpg,kiley
comic-433.jpg,steg
comic-434.jpg,rote
comic-435.jpg,Vaseline
comic-436.jpg,apsides
comic-437.jpg,dutch
comic-438.jpg,protegee
comic-439.jpg,unhalter
comic-440.jpg,Proparia
comic-441.jpg,irksomely
comic-442.jpg,eulogistic
comic-443.jpg,majorship
comic-444.jpg,trihydrol
comic-445.jpg,Othake
comic-446.jpg,arriage
comic-447.jpg,cheapen
comic-448.jpg,pruritic
comic-449.jpg,harper
comic-450.jpg,Homorelaps
comic-451.jpg,trochili
comic-452.jpg,corpulence
comic-453.jpg,arracacha
comic-454.jpg,searcher
comic-455.jpg,stanzaic
comic-456.jpg,hard
comic-457.jpg,epiphysis
comic-458.jpg,stamnos
comic-459.jpg,atwixt
comic-460.jpg,deathwards
comic-461.jpg,endmatcher
comic-462.jpg,viduated
comic-463.jpg,Vaccinium
comic-464.jpg,ascript
comic-465.jpg,unweaken
comic-466.jpg,Dicotyles
comic-467.jpg,slammakin
comic-468.jpg,mutch
comic-469.jpg,undercut
comic-470.jpg,epruinose
comic-471.jpg,swayer
comic-472.jpg,jacobaea
comic-473.jpg,undercover
comic-474.jpg,degauss
comic-475.jpg,saneness
comic-476.jpg,joyance
comic-477.jpg,woodfish
comic-478.jpg,serrulate
comic-479.jpg,grufted
comic-480.jpg,dawnstreak
comic-481.jpg,crevalle
comic-482.jpg,pyrolusite
comic-483.jpg,oxamate
comic-484.jpg,broiler
comic-485.jpg,naphthene
comic-486.jpg,searcer
comic-487.jpg,affronter
comic-488.jpg,errable
comic-489.jpg,Achomawi
comic-490.jpg,alterne
comic-491.jpg,dismark
comic-492.jpg,propodium
comic-493.jpg,imagines
comic-494.jpg,kyl
comic-495.jpg,halibuter
comic-496.jpg,argument
comic-497.jpg,swinish
comic-498.jpg,Edenize
comic-499.jpg,alleviate
comic-500.jpg,Rhombozoa
comic-501.jpg,zealotic
comic-502.jpg,Cossidae
comic-503.jpg,preordain
comic-504.jpg,proceeding
comic-505.jpg,Aldhafara
comic-506.jpg,megapode
comic-507.jpg,toothing
comic-508.jpg,sicklelike
comic-509.jpg,abristle
comic-510.jpg,quickener
comic-511.jpg,renownedly
comic-512.jpg,solemn
comic-513.jpg,snowplow
comic-514.jpg,mat
comic-515.jpg,precompass
comic-516.jpg,styling
comic-517.jpg,llautu
comic-518.jpg,gillaroo
comic-519.jpg,Alida
comic-520.jpg,antibromic
comic-521.jpg,sterrinck
comic-522.jpg,lintseed
comic-523.jpg,pellard
comic-524.jpg,hypinotic
comic-525.jpg,gibbously
comic-526.jpg,molestful
comic-527.jpg,univorous
comic-528.jpg,lys
comic-529.jpg,yardsman
comic-530.jpg,amice
comic-531.jpg,Tracaulon
comic-532.jpg,Jatulian
comic-533.jpg,submucous
comic-534.jpg,Nazirite
comic-535.jpg,Chaldaei
comic-536.jpg,picador
comic-537.jpg,crossfoot
comic-538.jpg,egotize
comic-539.jpg,haulmy
comic-540.jpg,shiftiness
comic-541.jpg,tetraster
comic-542.jpg,poophyte
comic-543.jpg,peracidite
comic-544.jpg,Madelon
comic-545.jpg,Okapia
comic-546.jpg,cumbly
comic-547.jpg,deediness
comic-548.jpg,Cineraria
comic-549.jpg,battered
comic-550.jpg,scalder
comic-551.jpg,bandanna
comic-552.jpg,bushranger
comic-553.jpg,Vampyrella
comic-554.jpg,mistaken
comic-555.jpg,aftercause
comic-556.jpg,bathylite
comic-557.jpg,airfreight
comic-558.jpg,fastuously
comic-559.jpg,fifth
comic-560.jpg,nuncio
comic-561.jpg,Morris
comic-562.jpg,osmesis
comic-563.jpg,sistering
comic-564.jpg,Aeolic
comic-565.jpg,Urbanist
comic-566.jpg,Macusi
comic-567.jpg,colorin
comic-568.jpg,cerealist
comic-569.jpg,skell
comic-570.jpg,detainal
comic-571.jpg,parasitize
comic-572.jpg,biflorate
comic-573.jpg,maggoty
comic-574.jpg,innet
comic-575.jpg,Aberdeen
comic-576.jpg,chyle
comic-577.jpg,year
comic-578.jpg,gudefather
comic-579.jpg,rhizotomy
comic-580.jpg,hulkage
comic-581.jpg,Masanao
comic-582.jpg,hunting
comic-583.jpg,homilite
comic-584.jpg,joyousness
comic-585.jpg,coquicken
comic-586.jpg,aumous
comic-587.jpg,skelp
comic-588.jpg,arsanilic
comic-589.jpg,appressor
comic-590.jpg,morbility
comic-591.jpg,armscye
comic-592.jpg,wardenry
comic-593.jpg,agistment
comic-594.jpg,indite
comic-595.jpg,Thyris
comic-596.jpg,fusoid
comic-597.jpg,infirmarer
comic-598.jpg,bemuslined
comic-599.jpg,moucharaby
comic-600.jpg,toxicum
comic-601.jpg,guardant
comic-602.jpg,wakf
comic-603.jpg,Jake
comic-604.jpg,Foism
comic-605.jpg,suboblique
comic-606.jpg,cyanopia
comic-607.jpg,meroistic
comic-608.jpg,expressly
comic-609.jpg,redemolish
comic-610.jpg,cloth
comic-611.jpg,kneehole
comic-612.jpg,innovant
comic-613.jpg,twanginess
comic-614.jpg,nestful
comic-615.jpg,tomentum
comic-616.jpg,auxotox
comic-617.jpg,Galaxias
comic-618.jpg,rotated
comic-619.jpg,afwillite
comic-620.jpg,denticular
comic-621.jpg,knickpoint
comic-622.jpg,mignonne
comic-623.jpg,transshift
comic-624.jpg,pasi
comic-625.jpg,hone
comic-626.jpg,porphyry
comic-627.jpg,Gesnera
comic-628.jpg,scareproof
comic-629.jpg,Nesogaean
comic-630.jpg,initial
comic-631.jpg,metanilic
comic-632.jpg,querulent
comic-633.jpg,chumpy
comic-634.jpg,prepontile
comic-635.jpg,wrinklet
comic-636.jpg,detonate
comic-637.jpg,Mazhabi
comic-638.jpg,homosexual
comic-639.jpg,rightful
comic-640.jpg,unflead
comic-641.jpg,Atlaslike
comic-642.jpg,bannered
comic-643.jpg,people
comic-644.jpg,bootyless
comic-645.jpg,vileness
comic-646.jpg,womanlike
comic-647.jpg,formful
comic-648.jpg,twifoldly
comic-649.jpg,strewer
comic-650.jpg,paramagnet
comic-651.jpg,shipping
comic-652.jpg,unbegirt
comic-653.jpg,cointer
comic-654.jpg,eternity
comic-655.jpg,woofer
comic-656.jpg,jours
comic-657.jpg,pitmirk
comic-658.jpg,emulous
comic-659.jpg,deltic
comic-660.jpg,repasser
comic-661.jpg,Juvenalian
comic-662.jpg,scrabble
comic-663.jpg,reconceive
comic-664.jpg,Illanun
comic-665.jpg,seawife
comic-666.jpg,mastoidale
comic-667.jpg,neuraxial
comic-668.jpg,Fiji
comic-669.jpg,Laputa
comic-670.jpg,reveler
comic-671.jpg,Oligocene
comic-672.jpg,larviform
comic-673.jpg,Hyblaea
comic-674.jpg,luciform
comic-675.jpg,winterish
comic-676.jpg,drowsiness
comic-677.jpg,technicist
comic-678.jpg,teaseler
comic-679.jpg,hatt
comic-680.jpg,amylolytic
comic-681.jpg,phacoidal
comic-682.jpg,tribble
comic-683.jpg,somaplasm
comic-684.jpg,Kipchak
comic-685.jpg,porogamous
comic-686.jpg,machinify
comic-687.jpg,transient
comic-688.jpg,quirksome
comic-689.jpg,toiletry
comic-690.jpg,opalesque
comic-691.jpg,alternator
comic-692.jpg,intoxicant
comic-693.jpg,cloacaline
comic-694.jpg,tunful
comic-695.jpg,afterimage
comic-696.jpg,sune
comic-697.jpg,contrahent
comic-698.jpg,depart
comic-699.jpg,scobiform
comic-700.jpg,gynospore
comic-701.jpg,unvoting
comic-702.jpg,reoffer
comic-703.jpg,mango
comic-704.jpg,septuple
comic-705.jpg,reparable
comic-706.jpg,Protophyta
comic-707.jpg,standage
comic-708.jpg,unfabling
comic-709.jpg,underslip
comic-710.jpg,vineatic
comic-711.jpg,Rellyan
comic-712.jpg,micromania
comic-713.jpg,invitation
comic-714.jpg,Minitari
comic-715.jpg,lathesman
comic-716.jpg,Euglandina
comic-717.jpg,lysate
comic-718.jpg,admirative
comic-719.jpg,kapp
comic-720.jpg,sabromin
comic-721.jpg,Akra
comic-722.jpg,slodder
comic-723.jpg,maimedly
comic-724.jpg,tweet
comic-725.jpg,unhypnotic
comic-726.jpg,axiform
comic-727.jpg,bladelet
comic-728.jpg,cocash
comic-729.jpg,presentee
comic-730.jpg,volery
comic-731.jpg,tweed
comic-732.jpg,devious
comic-733.jpg,Swahili
comic-734.jpg,ladler
comic-735.jpg,glutose
comic-736.jpg,toxically
comic-737.jpg,panada
comic-738.jpg,skyscraper
comic-739.jpg,Hobbian
comic-740.jpg,riyal
comic-741.jpg,antemedial
comic-742.jpg,colport
comic-743.jpg,allotropic
comic-744.jpg,hypopepsia
comic-745.jpg,lawyerlike
comic-746.jpg,horograph
comic-747.jpg,ateuchi
comic-748.jpg,sleyer
comic-749.jpg,lunes
comic-750.jpg,Eberthella
comic-751.jpg,Pakawa
comic-752.jpg,uloid
comic-753.jpg,euphuist
comic-754.jpg,unmanly
comic-755.jpg,zumatic
comic-756.jpg,trammelled
comic-757.jpg,minstrel
comic-758.jpg,gurgeon
comic-759.jpg,misguggle
comic-760.jpg,quave
comic-761.jpg,townful
comic-762.jpg,midrib
comic-763.jpg,bulbotuber
comic-764.jpg,Abrahamite
comic-765.jpg,hauntingly
comic-766.jpg,kyte
comic-767.jpg,razz
comic-768.jpg,kissingly
comic-769.jpg,biparted
comic-770.jpg,peristyle
comic-771.jpg,denegation
comic-772.jpg,actinian
comic-773.jpg,wasplike
comic-774.jpg,exosmic
comic-775.jpg,illustrate
comic-776.jpg,nictation
comic-777.jpg,yesterday
comic-778.jpg,Ligusticum
comic-779.jpg,shruff
comic-780.jpg,Stapelia
comic-781.jpg,quadruplex
comic-782.jpg,valeramide
comic-783.jpg,sublinear
comic-784.jpg,Amelia
comic-785.jpg,Siredon
comic-786.jpg,Caddoan
comic-787.jpg,sheered
comic-788.jpg,enveil
comic-789.jpg,demand
comic-790.jpg,stumper
comic-791.jpg,lumpish
comic-792.jpg,fear
comic-793.jpg,coheiress
comic-794.jpg,busybodied
comic-795.jpg,tinned
comic-796.jpg,shutter
comic-797.jpg,agitable
comic-798.jpg,rebeat
comic-799.jpg,torchwort
comic-800.jpg,floralize
comic-801.jpg,apocopate
comic-802.jpg,unbelieve
comic-803.jpg,emulative
comic-804.jpg,netwise
comic-805.jpg,prismatic
comic-806.jpg,nonforeign
comic-807.jpg,untripping
comic-808.jpg,indexed
comic-809.jpg,reorder
comic-810.jpg,Erysiphe
comic-811.jpg,hippometer
comic-812.jpg,thereon
comic-813.jpg,initiative
comic-814.jpg,submediant
comic-815.jpg,sheephouse
comic-816.jpg,reabsorb
comic-817.jpg,rationally
comic-818.jpg,Raghu
comic-819.jpg,theodolite
comic-820.jpg,Betulites
comic-821.jpg,bedlamite
comic-822.jpg,fusee
comic-823.jpg,bolometric
comic-824.jpg,Calicut
comic-825.jpg,outdoors
comic-826.jpg,flecker
comic-827.jpg,cynipoid
comic-828.jpg,leam
comic-829.jpg,lurchline
comic-830.jpg,veerable
comic-831.jpg,odor
comic-832.jpg,homopolic
comic-833.jpg,colonnette
comic-834.jpg,gunwale
comic-835.jpg,cacophonic
comic-836.jpg,freeness
comic-837.jpg,subsocial
comic-838.jpg,notching
comic-839.jpg,becrawl
comic-840.jpg,uneclipsed
comic-841.jpg,Pieris
comic-842.jpg,Dromicia
comic-843.jpg,Larry
comic-844.jpg,partialism
comic-845.jpg,wandering
comic-846.jpg,Jean
comic-847.jpg,difform
comic-848.jpg,replaster
comic-849.jpg,holeproof
comic-850.jpg,hetaera
comic-851.jpg,unsealer
comic-852.jpg,Empeo
comic-853.jpg,shauwe
comic-854.jpg,tawdrily
comic-855.jpg,doohinkey
comic-856.jpg,Covarecan
comic-857.jpg,marengo
comic-858.jpg,floroscope
comic-859.jpg,idealize
comic-860.jpg,goodlihead
comic-861.jpg,cosmically
comic-862.jpg,Miguel
comic-863.jpg,obi
comic-864.jpg,strickless
comic-865.jpg,outraging
comic-866.jpg,Squawtits
comic-867.jpg,acampsia
comic-868.jpg,stripe
comic-869.jpg,spleenless
comic-870.jpg,medieval
comic-871.jpg,geometrid
comic-872.jpg,palterer
comic-873.jpg,Cuchulainn
comic-874.jpg,rahdaree
comic-875.jpg,phansigar
comic-876.jpg,forevow
comic-877.jpg,ghazism
comic-878.jpg,choryos
comic-879.jpg,pithecan
comic-880.jpg,gluck
comic-881.jpg,Medellin
comic-882.jpg,ammocoete
comic-883.jpg,banality
comic-884.jpg,dodman
comic-885.jpg,Euphues
comic-886.jpg,equanimity
comic-887.jpg,matutinely
comic-888.jpg,betrinket
comic-889.jpg,interaxis
comic-890.jpg,betrim
comic-891.jpg,consumpt
comic-892.jpg,unnotched
comic-893.jpg,undying
comic-894.jpg,fieldish
comic-895.jpg,angor
comic-896.jpg,planosome
comic-897.jpg,clobberer
comic-898.jpg,pisk
comic-899.jpg,unjudge
comic-900.jpg,amphibiety
comic-901.jpg,recusation
comic-902.jpg,brawniness
comic-903.jpg,Zacatec
comic-904.jpg,pall
comic-905.jpg,Antarctica
comic-906.jpg,windlessly
comic-907.jpg,dispender
comic-908.jpg,bedraggle
comic-909.jpg,shoreward
comic-910.jpg,subah
comic-911.jpg,physometra
comic-912.jpg,maumet
comic-913.jpg,resile
comic-914.jpg,ingenuity
comic-915.jpg,exocoelom
comic-916.jpg,trophal
comic-917.jpg,Caririan
comic-918.jpg,missionary
comic-919.jpg,assise
comic-920.jpg,maldonite
comic-921.jpg,Lodoicea
comic-922.jpg,clang
comic-923.jpg,unwellness
comic-924.jpg,shoppy
comic-925.jpg,untrowed
comic-926.jpg,Lophopoda
comic-927.jpg,cunning
comic-928.jpg,macrocytic
comic-929.jpg,sport
comic-930.jpg,depurate
comic-931.jpg,autoxidize
comic-932.jpg,wileproof
comic-933.jpg,blinkered
comic-934.jpg,semicollar
comic-935.jpg,dihedron
comic-936.jpg,hoopwood
comic-937.jpg,foliation
comic-938.jpg,quilted
comic-939.jpg,overtask
comic-940.jpg,thevetin
comic-941.jpg,expecter
comic-942.jpg,tarn
comic-943.jpg,ungradated
comic-944.jpg,Bardolatry
comic-945.jpg,symbolics
comic-946.jpg,Subra
comic-947.jpg,facet
comic-948.jpg,layover
comic-949.jpg,slumward
comic-950.jpg,vest
comic-951.jpg,centipede
comic-952.jpg,resisting
comic-953.jpg,unrecusant
comic-954.jpg,kittenless
comic-955.jpg,fugitive
comic-956.jpg,amoretto
comic-957.jpg,Tobiah
comic-958.jpg,autumnian
comic-959.jpg,pileous
comic-960.jpg,isocheimal
comic-961.jpg,ava
comic-962.jpg,arhar
comic-963.jpg,oncostman
comic-964.jpg,stenosed
comic-965.jpg,cardcase
comic-966.jpg,goldwater
comic-967.jpg,Taungthu
comic-968.jpg,rheobase
comic-969.jpg,deedbox
comic-970.jpg,reason
comic-971.jpg,solvend
comic-972.jpg,iniquity
comic-973.jpg,unleagued
comic-974.jpg,Divvers
comic-975.jpg,preholding
comic-976.jpg,Melaleuca
comic-977.jpg,mark
comic-978.jpg,bustee
comic-979.jpg,roseways
comic-980.jpg,bullydom
comic-981.jpg,overrake
comic-982.jpg,hippolite
comic-983.jpg,gonococcus
comic-984.jpg,epicanthus
comic-985.jpg,drupaceous
comic-986.jpg,belemnitic
comic-987.jpg,amorado
comic-988.jpg,wieldable
comic-989.jpg,emissive
comic-990.jpg,disrestore
comic-991.jpg,tricostate
comic-992.jpg,Gepidae
comic-993.jpg,norleucine
comic-994.jpg,bosset
comic-995.jpg,vizier
comic-996.jpg,kymbalon
comic-997.jpg,Etheostoma
comic-998.jpg,treater
comic-999.jpg,wickedly
comic-1000.jpg,rand
comic-1001.jpg,gangdom
comic-1002.jpg,compliable
comic-1003.jpg,sclimb
comic-1004.jpg,twat
comic-1005.jpg,preissue
comic-1006.jpg,unmirthful
comic-1007.jpg,monstrify
comic-1008.jpg,Jason
comic-1009.jpg,afterking
comic-1010.jpg,gastrocele
comic-1011.jpg,soliform
comic-1012.jpg,forkiness
comic-1013.jpg,predraw
comic-1014.jpg,calcemia
comic-1015.jpg,asepticism
comic-1016.jpg,unembraced
comic-1017.jpg,entomology
comic-1018.jpg,pregustant
comic-1019.jpg,Cucurbita
comic-1020.jpg,plicated
comic-1021.jpg,rimple
comic-1022.jpg,uncoerced
comic-1023.jpg,cenobitic
comic-1024.jpg,paracystic
comic-1025.jpg,audible
comic-1026.jpg,saburra
comic-1027.jpg,storify
comic-1028.jpg,disband
comic-1029.jpg,proclaimer
comic-1030.jpg,Polymyarii
comic-1031.jpg,scatterer
comic-1032.jpg,gloryful
comic-1033.jpg,arbor
comic-1034.jpg,Wega
comic-1035.jpg,pentane
comic-1036.jpg,sanctifier
comic-1037.jpg,chinwood
comic-1038.jpg,Wykehamist
comic-1039.jpg,Dokmarok
comic-1040.jpg,polder
comic-1041.jpg,Glumales
comic-1042.jpg,Hochheimer
comic-1043.jpg,Veronica
comic-1044.jpg,camelman
comic-1045.jpg,porismatic
comic-1046.jpg,fescue
comic-1047.jpg,catechism
comic-1048.jpg,dovish
comic-1049.jpg,microzyme
comic-1050.jpg,vacational
comic-1051.jpg,imbrute
comic-1052.jpg,hire
comic-1053.jpg,Tamanaco
comic-1054.jpg,umbella
comic-1055.jpg,oddman
comic-1056.jpg,patavinity
comic-1057.jpg,fleyland
comic-1058.jpg,dammer
comic-1059.jpg,polissoir
comic-1060.jpg,ramiform
comic-1061.jpg,scutulum
comic-1062.jpg,craniotome
comic-1063.jpg,sluttish
comic-1064.jpg,polymorphy
comic-1065.jpg,pimaric
comic-1066.jpg,drowsily
comic-1067.jpg,basta
comic-1068.jpg,prophase
comic-1069.jpg,uphelm
comic-1070.jpg,expiation
comic-1071.jpg,macular
comic-1072.jpg,Aoife
comic-1073.jpg,curlew
comic-1074.jpg,solutional
comic-1075.jpg,psychogeny
comic-1076.jpg,refan
comic-1077.jpg,freir
comic-1078.jpg,reactional
comic-1079.jpg,roomlet
comic-1080.jpg,parapodial
comic-1081.jpg,scotoma
comic-1082.jpg,unrhymed
comic-1083.jpg,Clavaria
comic-1084.jpg,phelonion
comic-1085.jpg,Chaldaical
comic-1086.jpg,kirktown
comic-1087.jpg,forthcomer
comic-1088.jpg,assessor
comic-1089.jpg,stellate
comic-1090.jpg,despect
comic-1091.jpg,Shawanese
comic-1092.jpg,exsection
comic-1093.jpg,argental
comic-1094.jpg,Spironema
comic-1095.jpg,cheerily
comic-1096.jpg,dentinal
comic-1097.jpg,Trigonia
comic-1098.jpg,struthian
comic-1099.jpg,renvoi
