cour-001.jpg,Nosema
cour-002.jpg,myelon
cour-003.jpg,coincide
cour-004.jpg,Megaphyton
cour-005.jpg,predebater
cour-006.jpg,hurling
cour-007.jpg,thyridial
cour-008.jpg,saberlike
cour-009.jpg,obfuscate
cour-010.jpg,playwright
cour-011.jpg,blabberer
cour-012.jpg,Cnicus
cour-013.jpg,jerque
cour-014.jpg,maidish
cour-015.jpg,Shaptan
cour-016.jpg,Scillitan
cour-017.jpg,porthors
cour-018.jpg,pledgor
cour-019.jpg,zimmis
cour-020.jpg,Seidel
cour-021.jpg,hoarsely
cour-022.jpg,Lyas
cour-023.jpg,butic
cour-024.jpg,deformer
cour-025.jpg,ripicolous
cour-026.jpg,teaser
cour-027.jpg,arachnopia
cour-028.jpg,unshouted
cour-029.jpg,unhand
cour-030.jpg,sheely
cour-031.jpg,epitapher
cour-032.jpg,fee
cour-033.jpg,superbrute
cour-034.jpg,bootlicker
cour-035.jpg,cymbate
cour-036.jpg,abear
cour-037.jpg,sporangia
cour-038.jpg,fjarding
cour-039.jpg,impudently
cour-040.jpg,kulimit
cour-041.jpg,sparkback
cour-042.jpg,unladyfied
cour-043.jpg,toxamin
cour-044.jpg,overmighty
cour-045.jpg,torcel
cour-046.jpg,basiscopic
cour-047.jpg,speel
cour-048.jpg,groined
cour-049.jpg,escritoire
cour-050.jpg,bastinado
cour-051.jpg,stele
cour-052.jpg,civility
cour-053.jpg,span
cour-054.jpg,root
cour-055.jpg,durant
cour-056.jpg,liner
cour-057.jpg,histozoic
cour-058.jpg,antirabies
cour-059.jpg,hopperburn
cour-060.jpg,reroot
cour-061.jpg,coheritage
cour-062.jpg,tegumen
cour-063.jpg,skey
cour-064.jpg,chilidium
cour-065.jpg,foreheater
cour-066.jpg,urosome
cour-067.jpg,broadly
cour-068.jpg,along
cour-069.jpg,hodiernal
cour-070.jpg,kenning
cour-071.jpg,lacerable
cour-072.jpg,prejustify
cour-073.jpg,Egyptian
cour-074.jpg,Rommany
cour-075.jpg,ascending
cour-076.jpg,culottic
cour-077.jpg,oxytocous
cour-078.jpg,train
cour-079.jpg,formlessly
cour-080.jpg,totquot
cour-081.jpg,baldachino
cour-082.jpg,lawmonger
cour-083.jpg,gingerness
cour-084.jpg,issue
cour-085.jpg,nonthinker
cour-086.jpg,ethonomic
cour-087.jpg,silicium
cour-088.jpg,stupidish
cour-089.jpg,warmness
cour-090.jpg,dribbler
cour-091.jpg,cappy
cour-092.jpg,metrify
cour-093.jpg,souslik
cour-094.jpg,jactance
cour-095.jpg,Renardine
cour-096.jpg,pelike
cour-097.jpg,excuse
cour-098.jpg,Navarrese
cour-099.jpg,Slavonism
cour-100.jpg,helicopter
cour-101.jpg,Eppie
cour-102.jpg,apologize
cour-103.jpg,Psorophora
cour-104.jpg,palanka
cour-105.jpg,cockarouse
cour-106.jpg,mancipium
cour-107.jpg,fishy
cour-108.jpg,preconsent
cour-109.jpg,karagan
cour-110.jpg,Cinnamomum
cour-111.jpg,coop
cour-112.jpg,federator
cour-113.jpg,papaya
cour-114.jpg,landside
cour-115.jpg,suckable
cour-116.jpg,fervidly
cour-117.jpg,ryot
cour-118.jpg,rebeguile
cour-119.jpg,tavolatite
cour-120.jpg,Bristol
cour-121.jpg,Ajaja
cour-122.jpg,antiflux
cour-123.jpg,animatism
cour-124.jpg,panococo
cour-125.jpg,smouse
cour-126.jpg,estivation
cour-127.jpg,diswood
cour-128.jpg,munch
cour-129.jpg,geogony
cour-130.jpg,prerental
cour-131.jpg,slide
cour-132.jpg,debut
cour-133.jpg,Indologist
cour-134.jpg,aspersive
cour-135.jpg,spiffing
cour-136.jpg,veridical
cour-137.jpg,Semiticism
cour-138.jpg,capucine
cour-139.jpg,grillade
cour-140.jpg,pewing
cour-141.jpg,sinaite
cour-142.jpg,explicator
cour-143.jpg,musicality
cour-144.jpg,ringable
cour-145.jpg,dreamful
cour-146.jpg,quiddler
cour-147.jpg,tachogram
cour-148.jpg,sirenoid
cour-149.jpg,Titmarsh
cour-150.jpg,uncurable
cour-151.jpg,novilunar
cour-152.jpg,coner
cour-153.jpg,Fissipes
cour-154.jpg,Zabian
cour-155.jpg,dacoity
cour-156.jpg,indemnitor
cour-157.jpg,encryption
cour-158.jpg,functional
cour-159.jpg,braceleted
cour-160.jpg,sexangled
cour-161.jpg,Supai
cour-162.jpg,subsegment
cour-163.jpg,aplanatic
cour-164.jpg,blatjang
cour-165.jpg,heroical
cour-166.jpg,stairstep
cour-167.jpg,kagu
cour-168.jpg,herniate
cour-169.jpg,philippus
cour-170.jpg,Mohineyam
cour-171.jpg,goetical
cour-172.jpg,portal
cour-173.jpg,evergreen
cour-174.jpg,salutary
cour-175.jpg,parciloquy
cour-176.jpg,presumer
cour-177.jpg,perula
cour-178.jpg,footings
cour-179.jpg,Vernonia
cour-180.jpg,grudgeful
cour-181.jpg,Frenchy
cour-182.jpg,grassation
cour-183.jpg,Orthis
cour-184.jpg,hexacanth
cour-185.jpg,lung
cour-186.jpg,antifreeze
cour-187.jpg,onymancy
cour-188.jpg,asymmetry
cour-189.jpg,euphonize
cour-190.jpg,firebreak
cour-191.jpg,oxidase
cour-192.jpg,redream
cour-193.jpg,xenophile
cour-194.jpg,iliosacral
cour-195.jpg,presenile
cour-196.jpg,chevesaile
cour-197.jpg,Notidani
cour-198.jpg,Hilary
cour-199.jpg,Leora
cour-200.jpg,teetotal
cour-201.jpg,saccomyoid
cour-202.jpg,interlot
cour-203.jpg,rath
cour-204.jpg,argotic
cour-205.jpg,endosmosis
cour-206.jpg,froster
cour-207.jpg,kilting
cour-208.jpg,jarfly
cour-209.jpg,eusuchian
cour-210.jpg,compilator
cour-211.jpg,alefnull
cour-212.jpg,centriscid
cour-213.jpg,verd
cour-214.jpg,gallous
cour-215.jpg,eidolology
cour-216.jpg,churled
cour-217.jpg,suckage
cour-218.jpg,Codiaceae
cour-219.jpg,inner
cour-220.jpg,Palaic
cour-221.jpg,quashey
cour-222.jpg,jermonal
cour-223.jpg,forecast
cour-224.jpg,biolith
cour-225.jpg,sportfully
cour-226.jpg,inherit
cour-227.jpg,millable
cour-228.jpg,unhaunt
cour-229.jpg,Odostemon
cour-230.jpg,subnormal
cour-231.jpg,peba
cour-232.jpg,pressurize
cour-233.jpg,ignoble
cour-234.jpg,unpotted
cour-235.jpg,tineman
cour-236.jpg,Molothrus
cour-237.jpg,vierling
cour-238.jpg,infestant
cour-239.jpg,kromogram
cour-240.jpg,sheathing
cour-241.jpg,Centaurid
cour-242.jpg,griffinism
cour-243.jpg,loxic
cour-244.jpg,ribose
cour-245.jpg,cowal
cour-246.jpg,Darjeeling
cour-247.jpg,meed
cour-248.jpg,stanchable
cour-249.jpg,lam
cour-250.jpg,zebralike
cour-251.jpg,cannulated
cour-252.jpg,sorite
cour-253.jpg,corectome
cour-254.jpg,libelous
cour-255.jpg,Sylvia
cour-256.jpg,colorer
cour-257.jpg,melotragic
cour-258.jpg,paradoxism
cour-259.jpg,placatory
cour-260.jpg,unformal
cour-261.jpg,interpeal
cour-262.jpg,mantis
cour-263.jpg,theomantic
cour-264.jpg,retia
cour-265.jpg,smuggish
cour-266.jpg,Walt
cour-267.jpg,trustily
cour-268.jpg,demurring
cour-269.jpg,demibeast
cour-270.jpg,flaggery
cour-271.jpg,helicon
cour-272.jpg,radical
cour-273.jpg,filature
cour-274.jpg,cruck
cour-275.jpg,epiphora
cour-276.jpg,rostroid
cour-277.jpg,forehold
cour-278.jpg,detailist
cour-279.jpg,thatchy
cour-280.jpg,Hades
cour-281.jpg,tay
cour-282.jpg,mogo
cour-283.jpg,layland
cour-284.jpg,adipometer
cour-285.jpg,bailee
cour-286.jpg,slane
cour-287.jpg,unenounced
cour-288.jpg,path
cour-289.jpg,adulteress
cour-290.jpg,replod
cour-291.jpg,weighbar
cour-292.jpg,orthoscope
cour-293.jpg,meal
cour-294.jpg,moist
cour-295.jpg,Syrnium
cour-296.jpg,tozee
cour-297.jpg,aratory
cour-298.jpg,handwork
cour-299.jpg,psalis
cour-300.jpg,saffron
cour-301.jpg,unpractice
cour-302.jpg,couplet
cour-303.jpg,precharge
cour-304.jpg,tarryingly
cour-305.jpg,lichenoid
cour-306.jpg,cabda
cour-307.jpg,disenthral
cour-308.jpg,charivari
cour-309.jpg,geikielite
cour-310.jpg,hoped
cour-311.jpg,traitress
cour-312.jpg,Kayasth
cour-313.jpg,Gulf
cour-314.jpg,mosesite
cour-315.jpg,exemplify
cour-316.jpg,mataeology
cour-317.jpg,tum
cour-318.jpg,picra
cour-319.jpg,obversion
cour-320.jpg,mandrel
cour-321.jpg,outcoming
cour-322.jpg,scriven
cour-323.jpg,arctic
cour-324.jpg,stocker
cour-325.jpg,reroll
cour-326.jpg,sleek
cour-327.jpg,monadical
cour-328.jpg,arar
cour-329.jpg,strepitous
cour-330.jpg,enjoy
cour-331.jpg,palberry
cour-332.jpg,pentine
cour-333.jpg,thermopile
cour-334.jpg,kala
cour-335.jpg,intersow
cour-336.jpg,lazulitic
cour-337.jpg,bimane
cour-338.jpg,unfret
cour-339.jpg,discerning
cour-340.jpg,sloop
cour-341.jpg,palfreyed
cour-342.jpg,anaerobion
cour-343.jpg,proem
cour-344.jpg,choleate
cour-345.jpg,antisiphon
cour-346.jpg,midstroke
cour-347.jpg,leadage
cour-348.jpg,unplunge
cour-349.jpg,syncoelom
cour-350.jpg,eumitosis
cour-351.jpg,misput
cour-352.jpg,choenix
cour-353.jpg,Cordaites
cour-354.jpg,agrologic
cour-355.jpg,defoul
cour-356.jpg,tropeic
cour-357.jpg,carbamate
cour-358.jpg,traveller
cour-359.jpg,servilize
cour-360.jpg,watchcry
cour-361.jpg,theriacal
cour-362.jpg,mitrate
cour-363.jpg,victualage
cour-364.jpg,dich
cour-365.jpg,slumwise
cour-366.jpg,geobiology
cour-367.jpg,lifetime
cour-368.jpg,Goldy
cour-369.jpg,anacidity
cour-370.jpg,uncurst
cour-371.jpg,paver
cour-372.jpg,eating
cour-373.jpg,oxer
cour-374.jpg,tribute
cour-375.jpg,puckerel
cour-376.jpg,rodham
cour-377.jpg,jiggle
cour-378.jpg,leadout
cour-379.jpg,hardwood
cour-380.jpg,Saponaria
cour-381.jpg,peculium
cour-382.jpg,critical
cour-383.jpg,cameraman
cour-384.jpg,sharn
cour-385.jpg,agua
cour-386.jpg,entempest
cour-387.jpg,myocardiac
cour-388.jpg,cerebral
cour-389.jpg,Porcula
cour-390.jpg,scrambling
cour-391.jpg,mythize
cour-392.jpg,penttail
cour-393.jpg,paleness
cour-394.jpg,tarltonize
cour-395.jpg,monogenic
cour-396.jpg,Nathaniel
cour-397.jpg,ptarmical
cour-398.jpg,saltness
cour-399.jpg,sweet
cour-400.jpg,evict
cour-401.jpg,killwort
cour-402.jpg,prebelief
cour-403.jpg,unfighting
cour-404.jpg,Irma
cour-405.jpg,puppetize
cour-406.jpg,nobley
cour-407.jpg,bitterbark
cour-408.jpg,metatarse
cour-409.jpg,stickleaf
cour-410.jpg,ellagate
cour-411.jpg,blanca
cour-412.jpg,forspread
cour-413.jpg,invalidish
cour-414.jpg,semidry
cour-415.jpg,enoplan
cour-416.jpg,triformed
cour-417.jpg,thorntail
cour-418.jpg,reliable
cour-419.jpg,leaflike
cour-420.jpg,ominously
cour-421.jpg,Rebecca
cour-422.jpg,skittles
cour-423.jpg,raff
cour-424.jpg,convexly
cour-425.jpg,effluvia
cour-426.jpg,marry
cour-427.jpg,reregulate
cour-428.jpg,fragrance
cour-429.jpg,under
cour-430.jpg,Gobinism
cour-431.jpg,illude
cour-432.jpg,kiley
cour-433.jpg,steg
cour-434.jpg,rote
cour-435.jpg,Vaseline
cour-436.jpg,apsides
cour-437.jpg,dutch
cour-438.jpg,protegee
cour-439.jpg,unhalter
cour-440.jpg,Proparia
cour-441.jpg,irksomely
cour-442.jpg,eulogistic
cour-443.jpg,majorship
cour-444.jpg,trihydrol
cour-445.jpg,Othake
cour-446.jpg,arriage
cour-447.jpg,cheapen
cour-448.jpg,pruritic
cour-449.jpg,harper
cour-450.jpg,Homorelaps
cour-451.jpg,trochili
cour-452.jpg,corpulence
cour-453.jpg,arracacha
cour-454.jpg,searcher
cour-455.jpg,stanzaic
cour-456.jpg,hard
cour-457.jpg,epiphysis
cour-458.jpg,stamnos
cour-459.jpg,atwixt
cour-460.jpg,deathwards
cour-461.jpg,endmatcher
cour-462.jpg,viduated
cour-463.jpg,Vaccinium
cour-464.jpg,ascript
cour-465.jpg,unweaken
cour-466.jpg,Dicotyles
cour-467.jpg,slammakin
cour-468.jpg,mutch
cour-469.jpg,undercut
cour-470.jpg,epruinose
cour-471.jpg,swayer
cour-472.jpg,jacobaea
cour-473.jpg,undercover
cour-474.jpg,degauss
cour-475.jpg,saneness
cour-476.jpg,joyance
cour-477.jpg,woodfish
cour-478.jpg,serrulate
cour-479.jpg,grufted
cour-480.jpg,dawnstreak
cour-481.jpg,crevalle
cour-482.jpg,pyrolusite
cour-483.jpg,oxamate
cour-484.jpg,broiler
cour-485.jpg,naphthene
cour-486.jpg,searcer
cour-487.jpg,affronter
cour-488.jpg,errable
cour-489.jpg,Achomawi
cour-490.jpg,alterne
cour-491.jpg,dismark
cour-492.jpg,propodium
cour-493.jpg,imagines
cour-494.jpg,kyl
cour-495.jpg,halibuter
cour-496.jpg,argument
cour-497.jpg,swinish
cour-498.jpg,Edenize
cour-499.jpg,alleviate
cour-500.jpg,Rhombozoa
cour-501.jpg,zealotic
cour-502.jpg,Cossidae
cour-503.jpg,preordain
cour-504.jpg,proceeding
cour-505.jpg,Aldhafara
cour-506.jpg,megapode
cour-507.jpg,toothing
cour-508.jpg,sicklelike
cour-509.jpg,abristle
cour-510.jpg,quickener
cour-511.jpg,renownedly
cour-512.jpg,solemn
cour-513.jpg,snowplow
cour-514.jpg,mat
cour-515.jpg,precompass
cour-516.jpg,styling
cour-517.jpg,llautu
cour-518.jpg,gillaroo
cour-519.jpg,Alida
cour-520.jpg,antibromic
cour-521.jpg,sterrinck
cour-522.jpg,lintseed
cour-523.jpg,pellard
cour-524.jpg,hypinotic
cour-525.jpg,gibbously
cour-526.jpg,molestful
cour-527.jpg,univorous
cour-528.jpg,lys
cour-529.jpg,yardsman
cour-530.jpg,amice
cour-531.jpg,Tracaulon
cour-532.jpg,Jatulian
cour-533.jpg,submucous
cour-534.jpg,Nazirite
cour-535.jpg,Chaldaei
cour-536.jpg,picador
cour-537.jpg,crossfoot
cour-538.jpg,egotize
cour-539.jpg,haulmy
cour-540.jpg,shiftiness
cour-541.jpg,tetraster
cour-542.jpg,poophyte
cour-543.jpg,peracidite
cour-544.jpg,Madelon
cour-545.jpg,Okapia
cour-546.jpg,cumbly
cour-547.jpg,deediness
cour-548.jpg,Cineraria
cour-549.jpg,battered
cour-550.jpg,scalder
cour-551.jpg,bandanna
cour-552.jpg,bushranger
cour-553.jpg,Vampyrella
cour-554.jpg,mistaken
cour-555.jpg,aftercause
cour-556.jpg,bathylite
cour-557.jpg,airfreight
cour-558.jpg,fastuously
cour-559.jpg,fifth
cour-560.jpg,nuncio
cour-561.jpg,Morris
cour-562.jpg,osmesis
cour-563.jpg,sistering
cour-564.jpg,Aeolic
cour-565.jpg,Urbanist
cour-566.jpg,Macusi
cour-567.jpg,colorin
cour-568.jpg,cerealist
cour-569.jpg,skell
cour-570.jpg,detainal
cour-571.jpg,parasitize
cour-572.jpg,biflorate
cour-573.jpg,maggoty
cour-574.jpg,innet
cour-575.jpg,Aberdeen
cour-576.jpg,chyle
cour-577.jpg,year
cour-578.jpg,gudefather
cour-579.jpg,rhizotomy
cour-580.jpg,hulkage
cour-581.jpg,Masanao
cour-582.jpg,hunting
cour-583.jpg,homilite
cour-584.jpg,joyousness
cour-585.jpg,coquicken
cour-586.jpg,aumous
cour-587.jpg,skelp
cour-588.jpg,arsanilic
cour-589.jpg,appressor
cour-590.jpg,morbility
cour-591.jpg,armscye
cour-592.jpg,wardenry
cour-593.jpg,agistment
cour-594.jpg,indite
cour-595.jpg,Thyris
cour-596.jpg,fusoid
cour-597.jpg,infirmarer
cour-598.jpg,bemuslined
cour-599.jpg,moucharaby
cour-600.jpg,toxicum
cour-601.jpg,guardant
cour-602.jpg,wakf
cour-603.jpg,Jake
cour-604.jpg,Foism
cour-605.jpg,suboblique
cour-606.jpg,cyanopia
cour-607.jpg,meroistic
cour-608.jpg,expressly
cour-609.jpg,redemolish
cour-610.jpg,cloth
cour-611.jpg,kneehole
cour-612.jpg,innovant
cour-613.jpg,twanginess
cour-614.jpg,nestful
cour-615.jpg,tomentum
cour-616.jpg,auxotox
cour-617.jpg,Galaxias
cour-618.jpg,rotated
cour-619.jpg,afwillite
cour-620.jpg,denticular
cour-621.jpg,knickpoint
cour-622.jpg,mignonne
cour-623.jpg,transshift
cour-624.jpg,pasi
cour-625.jpg,hone
cour-626.jpg,porphyry
cour-627.jpg,Gesnera
cour-628.jpg,scareproof
cour-629.jpg,Nesogaean
cour-630.jpg,initial
cour-631.jpg,metanilic
cour-632.jpg,querulent
cour-633.jpg,chumpy
cour-634.jpg,prepontile
cour-635.jpg,wrinklet
cour-636.jpg,detonate
cour-637.jpg,Mazhabi
cour-638.jpg,homosexual
cour-639.jpg,rightful
cour-640.jpg,unflead
cour-641.jpg,Atlaslike
cour-642.jpg,bannered
cour-643.jpg,people
cour-644.jpg,bootyless
cour-645.jpg,vileness
cour-646.jpg,womanlike
cour-647.jpg,formful
cour-648.jpg,twifoldly
cour-649.jpg,strewer
cour-650.jpg,paramagnet
cour-651.jpg,shipping
cour-652.jpg,unbegirt
cour-653.jpg,cointer
cour-654.jpg,eternity
cour-655.jpg,woofer
cour-656.jpg,jours
cour-657.jpg,pitmirk
cour-658.jpg,emulous
cour-659.jpg,deltic
cour-660.jpg,repasser
cour-661.jpg,Juvenalian
cour-662.jpg,scrabble
cour-663.jpg,reconceive
cour-664.jpg,Illanun
cour-665.jpg,seawife
cour-666.jpg,mastoidale
cour-667.jpg,neuraxial
cour-668.jpg,Fiji
cour-669.jpg,Laputa
cour-670.jpg,reveler
cour-671.jpg,Oligocene
cour-672.jpg,larviform
cour-673.jpg,Hyblaea
cour-674.jpg,luciform
cour-675.jpg,winterish
cour-676.jpg,drowsiness
cour-677.jpg,technicist
cour-678.jpg,teaseler
cour-679.jpg,hatt
cour-680.jpg,amylolytic
cour-681.jpg,phacoidal
cour-682.jpg,tribble
cour-683.jpg,somaplasm
cour-684.jpg,Kipchak
cour-685.jpg,porogamous
cour-686.jpg,machinify
cour-687.jpg,transient
cour-688.jpg,quirksome
cour-689.jpg,toiletry
cour-690.jpg,opalesque
cour-691.jpg,alternator
cour-692.jpg,intoxicant
cour-693.jpg,cloacaline
cour-694.jpg,tunful
cour-695.jpg,afterimage
cour-696.jpg,sune
cour-697.jpg,contrahent
cour-698.jpg,depart
cour-699.jpg,scobiform
cour-700.jpg,gynospore
cour-701.jpg,unvoting
cour-702.jpg,reoffer
cour-703.jpg,mango
cour-704.jpg,septuple
cour-705.jpg,reparable
cour-706.jpg,Protophyta
cour-707.jpg,standage
cour-708.jpg,unfabling
cour-709.jpg,underslip
cour-710.jpg,vineatic
cour-711.jpg,Rellyan
cour-712.jpg,micromania
cour-713.jpg,invitation
cour-714.jpg,Minitari
cour-715.jpg,lathesman
cour-716.jpg,Euglandina
cour-717.jpg,lysate
cour-718.jpg,admirative
cour-719.jpg,kapp
cour-720.jpg,sabromin
cour-721.jpg,Akra
cour-722.jpg,slodder
cour-723.jpg,maimedly
cour-724.jpg,tweet
cour-725.jpg,unhypnotic
cour-726.jpg,axiform
cour-727.jpg,bladelet
cour-728.jpg,cocash
cour-729.jpg,presentee
cour-730.jpg,volery
cour-731.jpg,tweed
cour-732.jpg,devious
cour-733.jpg,Swahili
cour-734.jpg,ladler
cour-735.jpg,glutose
cour-736.jpg,toxically
cour-737.jpg,panada
cour-738.jpg,skyscraper
cour-739.jpg,Hobbian
cour-740.jpg,riyal
cour-741.jpg,antemedial
cour-742.jpg,colport
cour-743.jpg,allotropic
cour-744.jpg,hypopepsia
cour-745.jpg,lawyerlike
cour-746.jpg,horograph
cour-747.jpg,ateuchi
cour-748.jpg,sleyer
cour-749.jpg,lunes
cour-750.jpg,Eberthella
cour-751.jpg,Pakawa
cour-752.jpg,uloid
cour-753.jpg,euphuist
cour-754.jpg,unmanly
cour-755.jpg,zumatic
cour-756.jpg,trammelled
cour-757.jpg,minstrel
cour-758.jpg,gurgeon
cour-759.jpg,misguggle
cour-760.jpg,quave
cour-761.jpg,townful
cour-762.jpg,midrib
cour-763.jpg,bulbotuber
cour-764.jpg,Abrahamite
cour-765.jpg,hauntingly
cour-766.jpg,kyte
cour-767.jpg,razz
cour-768.jpg,kissingly
cour-769.jpg,biparted
cour-770.jpg,peristyle
cour-771.jpg,denegation
cour-772.jpg,actinian
cour-773.jpg,wasplike
cour-774.jpg,exosmic
cour-775.jpg,illustrate
cour-776.jpg,nictation
cour-777.jpg,yesterday
cour-778.jpg,Ligusticum
cour-779.jpg,shruff
cour-780.jpg,Stapelia
cour-781.jpg,quadruplex
cour-782.jpg,valeramide
cour-783.jpg,sublinear
cour-784.jpg,Amelia
cour-785.jpg,Siredon
cour-786.jpg,Caddoan
cour-787.jpg,sheered
cour-788.jpg,enveil
cour-789.jpg,demand
cour-790.jpg,stumper
cour-791.jpg,lumpish
cour-792.jpg,fear
cour-793.jpg,coheiress
cour-794.jpg,busybodied
cour-795.jpg,tinned
cour-796.jpg,shutter
cour-797.jpg,agitable
cour-798.jpg,rebeat
cour-799.jpg,torchwort
cour-800.jpg,floralize
cour-801.jpg,apocopate
cour-802.jpg,unbelieve
cour-803.jpg,emulative
cour-804.jpg,netwise
cour-805.jpg,prismatic
cour-806.jpg,nonforeign
cour-807.jpg,untripping
cour-808.jpg,indexed
cour-809.jpg,reorder
cour-810.jpg,Erysiphe
cour-811.jpg,hippometer
cour-812.jpg,thereon
cour-813.jpg,initiative
cour-814.jpg,submediant
cour-815.jpg,sheephouse
cour-816.jpg,reabsorb
cour-817.jpg,rationally
cour-818.jpg,Raghu
cour-819.jpg,theodolite
cour-820.jpg,Betulites
cour-821.jpg,bedlamite
cour-822.jpg,fusee
cour-823.jpg,bolometric
cour-824.jpg,Calicut
cour-825.jpg,outdoors
cour-826.jpg,flecker
cour-827.jpg,cynipoid
cour-828.jpg,leam
cour-829.jpg,lurchline
cour-830.jpg,veerable
cour-831.jpg,odor
cour-832.jpg,homopolic
cour-833.jpg,colonnette
cour-834.jpg,gunwale
cour-835.jpg,cacophonic
cour-836.jpg,freeness
cour-837.jpg,subsocial
cour-838.jpg,notching
cour-839.jpg,becrawl
cour-840.jpg,uneclipsed
cour-841.jpg,Pieris
cour-842.jpg,Dromicia
cour-843.jpg,Larry
cour-844.jpg,partialism
cour-845.jpg,wandering
cour-846.jpg,Jean
cour-847.jpg,difform
cour-848.jpg,replaster
cour-849.jpg,holeproof
cour-850.jpg,hetaera
cour-851.jpg,unsealer
cour-852.jpg,Empeo
cour-853.jpg,shauwe
cour-854.jpg,tawdrily
cour-855.jpg,doohinkey
cour-856.jpg,Covarecan
cour-857.jpg,marengo
cour-858.jpg,floroscope
cour-859.jpg,idealize
cour-860.jpg,goodlihead
cour-861.jpg,cosmically
cour-862.jpg,Miguel
cour-863.jpg,obi
cour-864.jpg,strickless
cour-865.jpg,outraging
cour-866.jpg,Squawtits
cour-867.jpg,acampsia
cour-868.jpg,stripe
cour-869.jpg,spleenless
cour-870.jpg,medieval
cour-871.jpg,geometrid
cour-872.jpg,palterer
cour-873.jpg,Cuchulainn
cour-874.jpg,rahdaree
cour-875.jpg,phansigar
cour-876.jpg,forevow
cour-877.jpg,ghazism
cour-878.jpg,choryos
cour-879.jpg,pithecan
cour-880.jpg,gluck
cour-881.jpg,Medellin
cour-882.jpg,ammocoete
cour-883.jpg,banality
cour-884.jpg,dodman
cour-885.jpg,Euphues
cour-886.jpg,equanimity
cour-887.jpg,matutinely
cour-888.jpg,betrinket
cour-889.jpg,interaxis
cour-890.jpg,betrim
cour-891.jpg,consumpt
cour-892.jpg,unnotched
cour-893.jpg,undying
cour-894.jpg,fieldish
cour-895.jpg,angor
cour-896.jpg,planosome
cour-897.jpg,clobberer
cour-898.jpg,pisk
cour-899.jpg,unjudge
cour-900.jpg,amphibiety
cour-901.jpg,recusation
cour-902.jpg,brawniness
cour-903.jpg,Zacatec
cour-904.jpg,pall
cour-905.jpg,Antarctica
cour-906.jpg,windlessly
cour-907.jpg,dispender
cour-908.jpg,bedraggle
cour-909.jpg,shoreward
cour-910.jpg,subah
cour-911.jpg,physometra
cour-912.jpg,maumet
cour-913.jpg,resile
cour-914.jpg,ingenuity
cour-915.jpg,exocoelom
cour-916.jpg,trophal
cour-917.jpg,Caririan
cour-918.jpg,missionary
cour-919.jpg,assise
cour-920.jpg,maldonite
cour-921.jpg,Lodoicea
cour-922.jpg,clang
cour-923.jpg,unwellness
cour-924.jpg,shoppy
cour-925.jpg,untrowed
cour-926.jpg,Lophopoda
cour-927.jpg,cunning
cour-928.jpg,macrocytic
cour-929.jpg,sport
cour-930.jpg,depurate
cour-931.jpg,autoxidize
cour-932.jpg,wileproof
cour-933.jpg,blinkered
cour-934.jpg,semicollar
cour-935.jpg,dihedron
cour-936.jpg,hoopwood
cour-937.jpg,foliation
cour-938.jpg,quilted
cour-939.jpg,overtask
cour-940.jpg,thevetin
cour-941.jpg,expecter
cour-942.jpg,tarn
cour-943.jpg,ungradated
cour-944.jpg,Bardolatry
cour-945.jpg,symbolics
cour-946.jpg,Subra
cour-947.jpg,facet
cour-948.jpg,layover
cour-949.jpg,slumward
cour-950.jpg,vest
cour-951.jpg,centipede
cour-952.jpg,resisting
cour-953.jpg,unrecusant
cour-954.jpg,kittenless
cour-955.jpg,fugitive
cour-956.jpg,amoretto
cour-957.jpg,Tobiah
cour-958.jpg,autumnian
cour-959.jpg,pileous
cour-960.jpg,isocheimal
cour-961.jpg,ava
cour-962.jpg,arhar
cour-963.jpg,oncostman
cour-964.jpg,stenosed
cour-965.jpg,cardcase
cour-966.jpg,goldwater
cour-967.jpg,Taungthu
cour-968.jpg,rheobase
cour-969.jpg,deedbox
cour-970.jpg,reason
cour-971.jpg,solvend
cour-972.jpg,iniquity
cour-973.jpg,unleagued
cour-974.jpg,Divvers
cour-975.jpg,preholding
cour-976.jpg,Melaleuca
cour-977.jpg,mark
cour-978.jpg,bustee
cour-979.jpg,roseways
cour-980.jpg,bullydom
cour-981.jpg,overrake
cour-982.jpg,hippolite
cour-983.jpg,gonococcus
cour-984.jpg,epicanthus
cour-985.jpg,drupaceous
cour-986.jpg,belemnitic
cour-987.jpg,amorado
cour-988.jpg,wieldable
cour-989.jpg,emissive
cour-990.jpg,disrestore
cour-991.jpg,tricostate
cour-992.jpg,Gepidae
cour-993.jpg,norleucine
cour-994.jpg,bosset
cour-995.jpg,vizier
cour-996.jpg,kymbalon
cour-997.jpg,Etheostoma
cour-998.jpg,treater
cour-999.jpg,wickedly
cour-1000.jpg,rand
cour-1001.jpg,gangdom
cour-1002.jpg,compliable
cour-1003.jpg,sclimb
cour-1004.jpg,twat
cour-1005.jpg,preissue
cour-1006.jpg,unmirthful
cour-1007.jpg,monstrify
cour-1008.jpg,Jason
cour-1009.jpg,afterking
cour-1010.jpg,gastrocele
cour-1011.jpg,soliform
cour-1012.jpg,forkiness
cour-1013.jpg,predraw
cour-1014.jpg,calcemia
cour-1015.jpg,asepticism
cour-1016.jpg,unembraced
cour-1017.jpg,entomology
cour-1018.jpg,pregustant
cour-1019.jpg,Cucurbita
cour-1020.jpg,plicated
cour-1021.jpg,rimple
cour-1022.jpg,uncoerced
cour-1023.jpg,cenobitic
cour-1024.jpg,paracystic
cour-1025.jpg,audible
cour-1026.jpg,saburra
cour-1027.jpg,storify
cour-1028.jpg,disband
cour-1029.jpg,proclaimer
cour-1030.jpg,Polymyarii
cour-1031.jpg,scatterer
cour-1032.jpg,gloryful
cour-1033.jpg,arbor
cour-1034.jpg,Wega
cour-1035.jpg,pentane
cour-1036.jpg,sanctifier
cour-1037.jpg,chinwood
cour-1038.jpg,Wykehamist
cour-1039.jpg,Dokmarok
cour-1040.jpg,polder
cour-1041.jpg,Glumales
cour-1042.jpg,Hochheimer
cour-1043.jpg,Veronica
cour-1044.jpg,camelman
cour-1045.jpg,porismatic
cour-1046.jpg,fescue
cour-1047.jpg,catechism
cour-1048.jpg,dovish
cour-1049.jpg,microzyme
cour-1050.jpg,vacational
cour-1051.jpg,imbrute
cour-1052.jpg,hire
cour-1053.jpg,Tamanaco
cour-1054.jpg,umbella
cour-1055.jpg,oddman
cour-1056.jpg,patavinity
cour-1057.jpg,fleyland
cour-1058.jpg,dammer
cour-1059.jpg,polissoir
cour-1060.jpg,ramiform
cour-1061.jpg,scutulum
cour-1062.jpg,craniotome
cour-1063.jpg,sluttish
cour-1064.jpg,polymorphy
cour-1065.jpg,pimaric
cour-1066.jpg,drowsily
cour-1067.jpg,basta
cour-1068.jpg,prophase
cour-1069.jpg,uphelm
cour-1070.jpg,expiation
cour-1071.jpg,macular
cour-1072.jpg,Aoife
cour-1073.jpg,curlew
cour-1074.jpg,solutional
cour-1075.jpg,psychogeny
cour-1076.jpg,refan
cour-1077.jpg,freir
cour-1078.jpg,reactional
cour-1079.jpg,roomlet
cour-1080.jpg,parapodial
cour-1081.jpg,scotoma
cour-1082.jpg,unrhymed
cour-1083.jpg,Clavaria
cour-1084.jpg,phelonion
cour-1085.jpg,Chaldaical
cour-1086.jpg,kirktown
cour-1087.jpg,forthcomer
cour-1088.jpg,assessor
cour-1089.jpg,stellate
cour-1090.jpg,despect
cour-1091.jpg,Shawanese
cour-1092.jpg,exsection
cour-1093.jpg,argental
cour-1094.jpg,Spironema
cour-1095.jpg,cheerily
cour-1096.jpg,dentinal
cour-1097.jpg,Trigonia
cour-1098.jpg,struthian
cour-1099.jpg,renvoi
