papyrus-001.jpg,Nosema
papyrus-002.jpg,myelon
papyrus-003.jpg,coincide
papyrus-004.jpg,Megaphyton
papyrus-005.jpg,predebater
papyrus-006.jpg,hurling
papyrus-007.jpg,thyridial
papyrus-008.jpg,saberlike
papyrus-009.jpg,obfuscate
papyrus-010.jpg,playwright
papyrus-011.jpg,blabberer
papyrus-012.jpg,Cnicus
papyrus-013.jpg,jerque
papyrus-014.jpg,maidish
papyrus-015.jpg,Shaptan
papyrus-016.jpg,Scillitan
papyrus-017.jpg,porthors
papyrus-018.jpg,pledgor
papyrus-019.jpg,zimmis
papyrus-020.jpg,Seidel
papyrus-021.jpg,hoarsely
papyrus-022.jpg,Lyas
papyrus-023.jpg,butic
papyrus-024.jpg,deformer
papyrus-025.jpg,ripicolous
papyrus-026.jpg,teaser
papyrus-027.jpg,arachnopia
papyrus-028.jpg,unshouted
papyrus-029.jpg,unhand
papyrus-030.jpg,sheely
papyrus-031.jpg,epitapher
papyrus-032.jpg,fee
papyrus-033.jpg,superbrute
papyrus-034.jpg,bootlicker
papyrus-035.jpg,cymbate
papyrus-036.jpg,abear
papyrus-037.jpg,sporangia
papyrus-038.jpg,fjarding
papyrus-039.jpg,impudently
papyrus-040.jpg,kulimit
papyrus-041.jpg,sparkback
papyrus-042.jpg,unladyfied
papyrus-043.jpg,toxamin
papyrus-044.jpg,overmighty
papyrus-045.jpg,torcel
papyrus-046.jpg,basiscopic
papyrus-047.jpg,speel
papyrus-048.jpg,groined
papyrus-049.jpg,escritoire
papyrus-050.jpg,bastinado
papyrus-051.jpg,stele
papyrus-052.jpg,civility
papyrus-053.jpg,span
papyrus-054.jpg,root
papyrus-055.jpg,durant
papyrus-056.jpg,liner
papyrus-057.jpg,histozoic
papyrus-058.jpg,antirabies
papyrus-059.jpg,hopperburn
papyrus-060.jpg,reroot
papyrus-061.jpg,coheritage
papyrus-062.jpg,tegumen
papyrus-063.jpg,skey
papyrus-064.jpg,chilidium
papyrus-065.jpg,foreheater
papyrus-066.jpg,urosome
papyrus-067.jpg,broadly
papyrus-068.jpg,along
papyrus-069.jpg,hodiernal
papyrus-070.jpg,kenning
papyrus-071.jpg,lacerable
papyrus-072.jpg,prejustify
papyrus-073.jpg,Egyptian
papyrus-074.jpg,Rommany
papyrus-075.jpg,ascending
papyrus-076.jpg,culottic
papyrus-077.jpg,oxytocous
papyrus-078.jpg,train
papyrus-079.jpg,formlessly
papyrus-080.jpg,totquot
papyrus-081.jpg,baldachino
papyrus-082.jpg,lawmonger
papyrus-083.jpg,gingerness
papyrus-084.jpg,issue
papyrus-085.jpg,nonthinker
papyrus-086.jpg,ethonomic
papyrus-087.jpg,silicium
papyrus-088.jpg,stupidish
papyrus-089.jpg,warmness
papyrus-090.jpg,dribbler
papyrus-091.jpg,cappy
papyrus-092.jpg,metrify
papyrus-093.jpg,souslik
papyrus-094.jpg,jactance
papyrus-095.jpg,Renardine
papyrus-096.jpg,pelike
papyrus-097.jpg,excuse
papyrus-098.jpg,Navarrese
papyrus-099.jpg,Slavonism
papyrus-100.jpg,helicopter
papyrus-101.jpg,Eppie
papyrus-102.jpg,apologize
papyrus-103.jpg,Psorophora
papyrus-104.jpg,palanka
papyrus-105.jpg,cockarouse
papyrus-106.jpg,mancipium
papyrus-107.jpg,fishy
papyrus-108.jpg,preconsent
papyrus-109.jpg,karagan
papyrus-110.jpg,Cinnamomum
papyrus-111.jpg,coop
papyrus-112.jpg,federator
papyrus-113.jpg,papaya
papyrus-114.jpg,landside
papyrus-115.jpg,suckable
papyrus-116.jpg,fervidly
papyrus-117.jpg,ryot
papyrus-118.jpg,rebeguile
papyrus-119.jpg,tavolatite
papyrus-120.jpg,Bristol
papyrus-121.jpg,Ajaja
papyrus-122.jpg,antiflux
papyrus-123.jpg,animatism
papyrus-124.jpg,panococo
papyrus-125.jpg,smouse
papyrus-126.jpg,estivation
papyrus-127.jpg,diswood
papyrus-128.jpg,munch
papyrus-129.jpg,geogony
papyrus-130.jpg,prerental
papyrus-131.jpg,slide
papyrus-132.jpg,debut
papyrus-133.jpg,Indologist
papyrus-134.jpg,aspersive
papyrus-135.jpg,spiffing
papyrus-136.jpg,veridical
papyrus-137.jpg,Semiticism
papyrus-138.jpg,capucine
papyrus-139.jpg,grillade
papyrus-140.jpg,pewing
papyrus-141.jpg,sinaite
papyrus-142.jpg,explicator
papyrus-143.jpg,musicality
papyrus-144.jpg,ringable
papyrus-145.jpg,dreamful
papyrus-146.jpg,quiddler
papyrus-147.jpg,tachogram
papyrus-148.jpg,sirenoid
papyrus-149.jpg,Titmarsh
papyrus-150.jpg,uncurable
papyrus-151.jpg,novilunar
papyrus-152.jpg,coner
papyrus-153.jpg,Fissipes
papyrus-154.jpg,Zabian
papyrus-155.jpg,dacoity
papyrus-156.jpg,indemnitor
papyrus-157.jpg,encryption
papyrus-158.jpg,functional
papyrus-159.jpg,braceleted
papyrus-160.jpg,sexangled
papyrus-161.jpg,Supai
papyrus-162.jpg,subsegment
papyrus-163.jpg,aplanatic
papyrus-164.jpg,blatjang
papyrus-165.jpg,heroical
papyrus-166.jpg,stairstep
papyrus-167.jpg,kagu
papyrus-168.jpg,herniate
papyrus-169.jpg,philippus
papyrus-170.jpg,Mohineyam
papyrus-171.jpg,goetical
papyrus-172.jpg,portal
papyrus-173.jpg,evergreen
papyrus-174.jpg,salutary
papyrus-175.jpg,parciloquy
papyrus-176.jpg,presumer
papyrus-177.jpg,perula
papyrus-178.jpg,footings
papyrus-179.jpg,Vernonia
papyrus-180.jpg,grudgeful
papyrus-181.jpg,Frenchy
papyrus-182.jpg,grassation
papyrus-183.jpg,Orthis
papyrus-184.jpg,hexacanth
papyrus-185.jpg,lung
papyrus-186.jpg,antifreeze
papyrus-187.jpg,onymancy
papyrus-188.jpg,asymmetry
papyrus-189.jpg,euphonize
papyrus-190.jpg,firebreak
papyrus-191.jpg,oxidase
papyrus-192.jpg,redream
papyrus-193.jpg,xenophile
papyrus-194.jpg,iliosacral
papyrus-195.jpg,presenile
papyrus-196.jpg,chevesaile
papyrus-197.jpg,Notidani
papyrus-198.jpg,Hilary
papyrus-199.jpg,Leora
papyrus-200.jpg,teetotal
papyrus-201.jpg,saccomyoid
papyrus-202.jpg,interlot
papyrus-203.jpg,rath
papyrus-204.jpg,argotic
papyrus-205.jpg,endosmosis
papyrus-206.jpg,froster
papyrus-207.jpg,kilting
papyrus-208.jpg,jarfly
papyrus-209.jpg,eusuchian
papyrus-210.jpg,compilator
papyrus-211.jpg,alefnull
papyrus-212.jpg,centriscid
papyrus-213.jpg,verd
papyrus-214.jpg,gallous
papyrus-215.jpg,eidolology
papyrus-216.jpg,churled
papyrus-217.jpg,suckage
papyrus-218.jpg,Codiaceae
papyrus-219.jpg,inner
papyrus-220.jpg,Palaic
papyrus-221.jpg,quashey
papyrus-222.jpg,jermonal
papyrus-223.jpg,forecast
papyrus-224.jpg,biolith
papyrus-225.jpg,sportfully
papyrus-226.jpg,inherit
papyrus-227.jpg,millable
papyrus-228.jpg,unhaunt
papyrus-229.jpg,Odostemon
papyrus-230.jpg,subnormal
papyrus-231.jpg,peba
papyrus-232.jpg,pressurize
papyrus-233.jpg,ignoble
papyrus-234.jpg,unpotted
papyrus-235.jpg,tineman
papyrus-236.jpg,Molothrus
papyrus-237.jpg,vierling
papyrus-238.jpg,infestant
papyrus-239.jpg,kromogram
papyrus-240.jpg,sheathing
papyrus-241.jpg,Centaurid
papyrus-242.jpg,griffinism
papyrus-243.jpg,loxic
papyrus-244.jpg,ribose
papyrus-245.jpg,cowal
papyrus-246.jpg,Darjeeling
papyrus-247.jpg,meed
papyrus-248.jpg,stanchable
papyrus-249.jpg,lam
papyrus-250.jpg,zebralike
papyrus-251.jpg,cannulated
papyrus-252.jpg,sorite
papyrus-253.jpg,corectome
papyrus-254.jpg,libelous
papyrus-255.jpg,Sylvia
papyrus-256.jpg,colorer
papyrus-257.jpg,melotragic
papyrus-258.jpg,paradoxism
papyrus-259.jpg,placatory
papyrus-260.jpg,unformal
papyrus-261.jpg,interpeal
papyrus-262.jpg,mantis
papyrus-263.jpg,theomantic
papyrus-264.jpg,retia
papyrus-265.jpg,smuggish
papyrus-266.jpg,Walt
papyrus-267.jpg,trustily
papyrus-268.jpg,demurring
papyrus-269.jpg,demibeast
papyrus-270.jpg,flaggery
papyrus-271.jpg,helicon
papyrus-272.jpg,radical
papyrus-273.jpg,filature
papyrus-274.jpg,cruck
papyrus-275.jpg,epiphora
papyrus-276.jpg,rostroid
papyrus-277.jpg,forehold
papyrus-278.jpg,detailist
papyrus-279.jpg,thatchy
papyrus-280.jpg,Hades
papyrus-281.jpg,tay
papyrus-282.jpg,mogo
papyrus-283.jpg,layland
papyrus-284.jpg,adipometer
papyrus-285.jpg,bailee
papyrus-286.jpg,slane
papyrus-287.jpg,unenounced
papyrus-288.jpg,path
papyrus-289.jpg,adulteress
papyrus-290.jpg,replod
papyrus-291.jpg,weighbar
papyrus-292.jpg,orthoscope
papyrus-293.jpg,meal
papyrus-294.jpg,moist
papyrus-295.jpg,Syrnium
papyrus-296.jpg,tozee
papyrus-297.jpg,aratory
papyrus-298.jpg,handwork
papyrus-299.jpg,psalis
papyrus-300.jpg,saffron
papyrus-301.jpg,unpractice
papyrus-302.jpg,couplet
papyrus-303.jpg,precharge
papyrus-304.jpg,tarryingly
papyrus-305.jpg,lichenoid
papyrus-306.jpg,cabda
papyrus-307.jpg,disenthral
papyrus-308.jpg,charivari
papyrus-309.jpg,geikielite
papyrus-310.jpg,hoped
papyrus-311.jpg,traitress
papyrus-312.jpg,Kayasth
papyrus-313.jpg,Gulf
papyrus-314.jpg,mosesite
papyrus-315.jpg,exemplify
papyrus-316.jpg,mataeology
papyrus-317.jpg,tum
papyrus-318.jpg,picra
papyrus-319.jpg,obversion
papyrus-320.jpg,mandrel
papyrus-321.jpg,outcoming
papyrus-322.jpg,scriven
papyrus-323.jpg,arctic
papyrus-324.jpg,stocker
papyrus-325.jpg,reroll
papyrus-326.jpg,sleek
papyrus-327.jpg,monadical
papyrus-328.jpg,arar
papyrus-329.jpg,strepitous
papyrus-330.jpg,enjoy
papyrus-331.jpg,palberry
papyrus-332.jpg,pentine
papyrus-333.jpg,thermopile
papyrus-334.jpg,kala
papyrus-335.jpg,intersow
papyrus-336.jpg,lazulitic
papyrus-337.jpg,bimane
papyrus-338.jpg,unfret
papyrus-339.jpg,discerning
papyrus-340.jpg,sloop
papyrus-341.jpg,palfreyed
papyrus-342.jpg,anaerobion
papyrus-343.jpg,proem
papyrus-344.jpg,choleate
papyrus-345.jpg,antisiphon
papyrus-346.jpg,midstroke
papyrus-347.jpg,leadage
papyrus-348.jpg,unplunge
papyrus-349.jpg,syncoelom
papyrus-350.jpg,eumitosis
papyrus-351.jpg,misput
papyrus-352.jpg,choenix
papyrus-353.jpg,Cordaites
papyrus-354.jpg,agrologic
papyrus-355.jpg,defoul
papyrus-356.jpg,tropeic
papyrus-357.jpg,carbamate
papyrus-358.jpg,traveller
papyrus-359.jpg,servilize
papyrus-360.jpg,watchcry
papyrus-361.jpg,theriacal
papyrus-362.jpg,mitrate
papyrus-363.jpg,victualage
papyrus-364.jpg,dich
papyrus-365.jpg,slumwise
papyrus-366.jpg,geobiology
papyrus-367.jpg,lifetime
papyrus-368.jpg,Goldy
papyrus-369.jpg,anacidity
papyrus-370.jpg,uncurst
papyrus-371.jpg,paver
papyrus-372.jpg,eating
papyrus-373.jpg,oxer
papyrus-374.jpg,tribute
papyrus-375.jpg,puckerel
papyrus-376.jpg,rodham
papyrus-377.jpg,jiggle
papyrus-378.jpg,leadout
papyrus-379.jpg,hardwood
papyrus-380.jpg,Saponaria
papyrus-381.jpg,peculium
papyrus-382.jpg,critical
papyrus-383.jpg,cameraman
papyrus-384.jpg,sharn
papyrus-385.jpg,agua
papyrus-386.jpg,entempest
papyrus-387.jpg,myocardiac
papyrus-388.jpg,cerebral
papyrus-389.jpg,Porcula
papyrus-390.jpg,scrambling
papyrus-391.jpg,mythize
papyrus-392.jpg,penttail
papyrus-393.jpg,paleness
papyrus-394.jpg,tarltonize
papyrus-395.jpg,monogenic
papyrus-396.jpg,Nathaniel
papyrus-397.jpg,ptarmical
papyrus-398.jpg,saltness
papyrus-399.jpg,sweet
papyrus-400.jpg,evict
papyrus-401.jpg,killwort
papyrus-402.jpg,prebelief
papyrus-403.jpg,unfighting
papyrus-404.jpg,Irma
papyrus-405.jpg,puppetize
papyrus-406.jpg,nobley
papyrus-407.jpg,bitterbark
papyrus-408.jpg,metatarse
papyrus-409.jpg,stickleaf
papyrus-410.jpg,ellagate
papyrus-411.jpg,blanca
papyrus-412.jpg,forspread
papyrus-413.jpg,invalidish
papyrus-414.jpg,semidry
papyrus-415.jpg,enoplan
papyrus-416.jpg,triformed
papyrus-417.jpg,thorntail
papyrus-418.jpg,reliable
papyrus-419.jpg,leaflike
papyrus-420.jpg,ominously
papyrus-421.jpg,Rebecca
papyrus-422.jpg,skittles
papyrus-423.jpg,raff
papyrus-424.jpg,convexly
papyrus-425.jpg,effluvia
papyrus-426.jpg,marry
papyrus-427.jpg,reregulate
papyrus-428.jpg,fragrance
papyrus-429.jpg,under
papyrus-430.jpg,Gobinism
papyrus-431.jpg,illude
papyrus-432.jpg,kiley
papyrus-433.jpg,steg
papyrus-434.jpg,rote
papyrus-435.jpg,Vaseline
papyrus-436.jpg,apsides
papyrus-437.jpg,dutch
papyrus-438.jpg,protegee
papyrus-439.jpg,unhalter
papyrus-440.jpg,Proparia
papyrus-441.jpg,irksomely
papyrus-442.jpg,eulogistic
papyrus-443.jpg,majorship
papyrus-444.jpg,trihydrol
papyrus-445.jpg,Othake
papyrus-446.jpg,arriage
papyrus-447.jpg,cheapen
papyrus-448.jpg,pruritic
papyrus-449.jpg,harper
papyrus-450.jpg,Homorelaps
papyrus-451.jpg,trochili
papyrus-452.jpg,corpulence
papyrus-453.jpg,arracacha
papyrus-454.jpg,searcher
papyrus-455.jpg,stanzaic
papyrus-456.jpg,hard
papyrus-457.jpg,epiphysis
papyrus-458.jpg,stamnos
papyrus-459.jpg,atwixt
papyrus-460.jpg,deathwards
papyrus-461.jpg,endmatcher
papyrus-462.jpg,viduated
papyrus-463.jpg,Vaccinium
papyrus-464.jpg,ascript
papyrus-465.jpg,unweaken
papyrus-466.jpg,Dicotyles
papyrus-467.jpg,slammakin
papyrus-468.jpg,mutch
papyrus-469.jpg,undercut
papyrus-470.jpg,epruinose
papyrus-471.jpg,swayer
papyrus-472.jpg,jacobaea
papyrus-473.jpg,undercover
papyrus-474.jpg,degauss
papyrus-475.jpg,saneness
papyrus-476.jpg,joyance
papyrus-477.jpg,woodfish
papyrus-478.jpg,serrulate
papyrus-479.jpg,grufted
papyrus-480.jpg,dawnstreak
papyrus-481.jpg,crevalle
papyrus-482.jpg,pyrolusite
papyrus-483.jpg,oxamate
papyrus-484.jpg,broiler
papyrus-485.jpg,naphthene
papyrus-486.jpg,searcer
papyrus-487.jpg,affronter
papyrus-488.jpg,errable
papyrus-489.jpg,Achomawi
papyrus-490.jpg,alterne
papyrus-491.jpg,dismark
papyrus-492.jpg,propodium
papyrus-493.jpg,imagines
papyrus-494.jpg,kyl
papyrus-495.jpg,halibuter
papyrus-496.jpg,argument
papyrus-497.jpg,swinish
papyrus-498.jpg,Edenize
papyrus-499.jpg,alleviate
papyrus-500.jpg,Rhombozoa
papyrus-501.jpg,zealotic
papyrus-502.jpg,Cossidae
papyrus-503.jpg,preordain
papyrus-504.jpg,proceeding
papyrus-505.jpg,Aldhafara
papyrus-506.jpg,megapode
papyrus-507.jpg,toothing
papyrus-508.jpg,sicklelike
papyrus-509.jpg,abristle
papyrus-510.jpg,quickener
papyrus-511.jpg,renownedly
papyrus-512.jpg,solemn
papyrus-513.jpg,snowplow
papyrus-514.jpg,mat
papyrus-515.jpg,precompass
papyrus-516.jpg,styling
papyrus-517.jpg,llautu
papyrus-518.jpg,gillaroo
papyrus-519.jpg,Alida
papyrus-520.jpg,antibromic
papyrus-521.jpg,sterrinck
papyrus-522.jpg,lintseed
papyrus-523.jpg,pellard
papyrus-524.jpg,hypinotic
papyrus-525.jpg,gibbously
papyrus-526.jpg,molestful
papyrus-527.jpg,univorous
papyrus-528.jpg,lys
papyrus-529.jpg,yardsman
papyrus-530.jpg,amice
papyrus-531.jpg,Tracaulon
papyrus-532.jpg,Jatulian
papyrus-533.jpg,submucous
papyrus-534.jpg,Nazirite
papyrus-535.jpg,Chaldaei
papyrus-536.jpg,picador
papyrus-537.jpg,crossfoot
papyrus-538.jpg,egotize
papyrus-539.jpg,haulmy
papyrus-540.jpg,shiftiness
papyrus-541.jpg,tetraster
papyrus-542.jpg,poophyte
papyrus-543.jpg,peracidite
papyrus-544.jpg,Madelon
papyrus-545.jpg,Okapia
papyrus-546.jpg,cumbly
papyrus-547.jpg,deediness
papyrus-548.jpg,Cineraria
papyrus-549.jpg,battered
papyrus-550.jpg,scalder
papyrus-551.jpg,bandanna
papyrus-552.jpg,bushranger
papyrus-553.jpg,Vampyrella
papyrus-554.jpg,mistaken
papyrus-555.jpg,aftercause
papyrus-556.jpg,bathylite
papyrus-557.jpg,airfreight
papyrus-558.jpg,fastuously
papyrus-559.jpg,fifth
papyrus-560.jpg,nuncio
papyrus-561.jpg,Morris
papyrus-562.jpg,osmesis
papyrus-563.jpg,sistering
papyrus-564.jpg,Aeolic
papyrus-565.jpg,Urbanist
papyrus-566.jpg,Macusi
papyrus-567.jpg,colorin
papyrus-568.jpg,cerealist
papyrus-569.jpg,skell
papyrus-570.jpg,detainal
papyrus-571.jpg,parasitize
papyrus-572.jpg,biflorate
papyrus-573.jpg,maggoty
papyrus-574.jpg,innet
papyrus-575.jpg,Aberdeen
papyrus-576.jpg,chyle
papyrus-577.jpg,year
papyrus-578.jpg,gudefather
papyrus-579.jpg,rhizotomy
papyrus-580.jpg,hulkage
papyrus-581.jpg,Masanao
papyrus-582.jpg,hunting
papyrus-583.jpg,homilite
papyrus-584.jpg,joyousness
papyrus-585.jpg,coquicken
papyrus-586.jpg,aumous
papyrus-587.jpg,skelp
papyrus-588.jpg,arsanilic
papyrus-589.jpg,appressor
papyrus-590.jpg,morbility
papyrus-591.jpg,armscye
papyrus-592.jpg,wardenry
papyrus-593.jpg,agistment
papyrus-594.jpg,indite
papyrus-595.jpg,Thyris
papyrus-596.jpg,fusoid
papyrus-597.jpg,infirmarer
papyrus-598.jpg,bemuslined
papyrus-599.jpg,moucharaby
papyrus-600.jpg,toxicum
papyrus-601.jpg,guardant
papyrus-602.jpg,wakf
papyrus-603.jpg,Jake
papyrus-604.jpg,Foism
papyrus-605.jpg,suboblique
papyrus-606.jpg,cyanopia
papyrus-607.jpg,meroistic
papyrus-608.jpg,expressly
papyrus-609.jpg,redemolish
papyrus-610.jpg,cloth
papyrus-611.jpg,kneehole
papyrus-612.jpg,innovant
papyrus-613.jpg,twanginess
papyrus-614.jpg,nestful
papyrus-615.jpg,tomentum
papyrus-616.jpg,auxotox
papyrus-617.jpg,Galaxias
papyrus-618.jpg,rotated
papyrus-619.jpg,afwillite
papyrus-620.jpg,denticular
papyrus-621.jpg,knickpoint
papyrus-622.jpg,mignonne
papyrus-623.jpg,transshift
papyrus-624.jpg,pasi
papyrus-625.jpg,hone
papyrus-626.jpg,porphyry
papyrus-627.jpg,Gesnera
papyrus-628.jpg,scareproof
papyrus-629.jpg,Nesogaean
papyrus-630.jpg,initial
papyrus-631.jpg,metanilic
papyrus-632.jpg,querulent
papyrus-633.jpg,chumpy
papyrus-634.jpg,prepontile
papyrus-635.jpg,wrinklet
papyrus-636.jpg,detonate
papyrus-637.jpg,Mazhabi
papyrus-638.jpg,homosexual
papyrus-639.jpg,rightful
papyrus-640.jpg,unflead
papyrus-641.jpg,Atlaslike
papyrus-642.jpg,bannered
papyrus-643.jpg,people
papyrus-644.jpg,bootyless
papyrus-645.jpg,vileness
papyrus-646.jpg,womanlike
papyrus-647.jpg,formful
papyrus-648.jpg,twifoldly
papyrus-649.jpg,strewer
papyrus-650.jpg,paramagnet
papyrus-651.jpg,shipping
papyrus-652.jpg,unbegirt
papyrus-653.jpg,cointer
papyrus-654.jpg,eternity
papyrus-655.jpg,woofer
papyrus-656.jpg,jours
papyrus-657.jpg,pitmirk
papyrus-658.jpg,emulous
papyrus-659.jpg,deltic
papyrus-660.jpg,repasser
papyrus-661.jpg,Juvenalian
papyrus-662.jpg,scrabble
papyrus-663.jpg,reconceive
papyrus-664.jpg,Illanun
papyrus-665.jpg,seawife
papyrus-666.jpg,mastoidale
papyrus-667.jpg,neuraxial
papyrus-668.jpg,Fiji
papyrus-669.jpg,Laputa
papyrus-670.jpg,reveler
papyrus-671.jpg,Oligocene
papyrus-672.jpg,larviform
papyrus-673.jpg,Hyblaea
papyrus-674.jpg,luciform
papyrus-675.jpg,winterish
papyrus-676.jpg,drowsiness
papyrus-677.jpg,technicist
papyrus-678.jpg,teaseler
papyrus-679.jpg,hatt
papyrus-680.jpg,amylolytic
papyrus-681.jpg,phacoidal
papyrus-682.jpg,tribble
papyrus-683.jpg,somaplasm
papyrus-684.jpg,Kipchak
papyrus-685.jpg,porogamous
papyrus-686.jpg,machinify
papyrus-687.jpg,transient
papyrus-688.jpg,quirksome
papyrus-689.jpg,toiletry
papyrus-690.jpg,opalesque
papyrus-691.jpg,alternator
papyrus-692.jpg,intoxicant
papyrus-693.jpg,cloacaline
papyrus-694.jpg,tunful
papyrus-695.jpg,afterimage
papyrus-696.jpg,sune
papyrus-697.jpg,contrahent
papyrus-698.jpg,depart
papyrus-699.jpg,scobiform
papyrus-700.jpg,gynospore
papyrus-701.jpg,unvoting
papyrus-702.jpg,reoffer
papyrus-703.jpg,mango
papyrus-704.jpg,septuple
papyrus-705.jpg,reparable
papyrus-706.jpg,Protophyta
papyrus-707.jpg,standage
papyrus-708.jpg,unfabling
papyrus-709.jpg,underslip
papyrus-710.jpg,vineatic
papyrus-711.jpg,Rellyan
papyrus-712.jpg,micromania
papyrus-713.jpg,invitation
papyrus-714.jpg,Minitari
papyrus-715.jpg,lathesman
papyrus-716.jpg,Euglandina
papyrus-717.jpg,lysate
papyrus-718.jpg,admirative
papyrus-719.jpg,kapp
papyrus-720.jpg,sabromin
papyrus-721.jpg,Akra
papyrus-722.jpg,slodder
papyrus-723.jpg,maimedly
papyrus-724.jpg,tweet
papyrus-725.jpg,unhypnotic
papyrus-726.jpg,axiform
papyrus-727.jpg,bladelet
papyrus-728.jpg,cocash
papyrus-729.jpg,presentee
papyrus-730.jpg,volery
papyrus-731.jpg,tweed
papyrus-732.jpg,devious
papyrus-733.jpg,Swahili
papyrus-734.jpg,ladler
papyrus-735.jpg,glutose
papyrus-736.jpg,toxically
papyrus-737.jpg,panada
papyrus-738.jpg,skyscraper
papyrus-739.jpg,Hobbian
papyrus-740.jpg,riyal
papyrus-741.jpg,antemedial
papyrus-742.jpg,colport
papyrus-743.jpg,allotropic
papyrus-744.jpg,hypopepsia
papyrus-745.jpg,lawyerlike
papyrus-746.jpg,horograph
papyrus-747.jpg,ateuchi
papyrus-748.jpg,sleyer
papyrus-749.jpg,lunes
papyrus-750.jpg,Eberthella
papyrus-751.jpg,Pakawa
papyrus-752.jpg,uloid
papyrus-753.jpg,euphuist
papyrus-754.jpg,unmanly
papyrus-755.jpg,zumatic
papyrus-756.jpg,trammelled
papyrus-757.jpg,minstrel
papyrus-758.jpg,gurgeon
papyrus-759.jpg,misguggle
papyrus-760.jpg,quave
papyrus-761.jpg,townful
papyrus-762.jpg,midrib
papyrus-763.jpg,bulbotuber
papyrus-764.jpg,Abrahamite
papyrus-765.jpg,hauntingly
papyrus-766.jpg,kyte
papyrus-767.jpg,razz
papyrus-768.jpg,kissingly
papyrus-769.jpg,biparted
papyrus-770.jpg,peristyle
papyrus-771.jpg,denegation
papyrus-772.jpg,actinian
papyrus-773.jpg,wasplike
papyrus-774.jpg,exosmic
papyrus-775.jpg,illustrate
papyrus-776.jpg,nictation
papyrus-777.jpg,yesterday
papyrus-778.jpg,Ligusticum
papyrus-779.jpg,shruff
papyrus-780.jpg,Stapelia
papyrus-781.jpg,quadruplex
papyrus-782.jpg,valeramide
papyrus-783.jpg,sublinear
papyrus-784.jpg,Amelia
papyrus-785.jpg,Siredon
papyrus-786.jpg,Caddoan
papyrus-787.jpg,sheered
papyrus-788.jpg,enveil
papyrus-789.jpg,demand
papyrus-790.jpg,stumper
papyrus-791.jpg,lumpish
papyrus-792.jpg,fear
papyrus-793.jpg,coheiress
papyrus-794.jpg,busybodied
papyrus-795.jpg,tinned
papyrus-796.jpg,shutter
papyrus-797.jpg,agitable
papyrus-798.jpg,rebeat
papyrus-799.jpg,torchwort
papyrus-800.jpg,floralize
papyrus-801.jpg,apocopate
papyrus-802.jpg,unbelieve
papyrus-803.jpg,emulative
papyrus-804.jpg,netwise
papyrus-805.jpg,prismatic
papyrus-806.jpg,nonforeign
papyrus-807.jpg,untripping
papyrus-808.jpg,indexed
papyrus-809.jpg,reorder
papyrus-810.jpg,Erysiphe
papyrus-811.jpg,hippometer
papyrus-812.jpg,thereon
papyrus-813.jpg,initiative
papyrus-814.jpg,submediant
papyrus-815.jpg,sheephouse
papyrus-816.jpg,reabsorb
papyrus-817.jpg,rationally
papyrus-818.jpg,Raghu
papyrus-819.jpg,theodolite
papyrus-820.jpg,Betulites
papyrus-821.jpg,bedlamite
papyrus-822.jpg,fusee
papyrus-823.jpg,bolometric
papyrus-824.jpg,Calicut
papyrus-825.jpg,outdoors
papyrus-826.jpg,flecker
papyrus-827.jpg,cynipoid
papyrus-828.jpg,leam
papyrus-829.jpg,lurchline
papyrus-830.jpg,veerable
papyrus-831.jpg,odor
papyrus-832.jpg,homopolic
papyrus-833.jpg,colonnette
papyrus-834.jpg,gunwale
papyrus-835.jpg,cacophonic
papyrus-836.jpg,freeness
papyrus-837.jpg,subsocial
papyrus-838.jpg,notching
papyrus-839.jpg,becrawl
papyrus-840.jpg,uneclipsed
papyrus-841.jpg,Pieris
papyrus-842.jpg,Dromicia
papyrus-843.jpg,Larry
papyrus-844.jpg,partialism
papyrus-845.jpg,wandering
papyrus-846.jpg,Jean
papyrus-847.jpg,difform
papyrus-848.jpg,replaster
papyrus-849.jpg,holeproof
papyrus-850.jpg,hetaera
papyrus-851.jpg,unsealer
papyrus-852.jpg,Empeo
papyrus-853.jpg,shauwe
papyrus-854.jpg,tawdrily
papyrus-855.jpg,doohinkey
papyrus-856.jpg,Covarecan
papyrus-857.jpg,marengo
papyrus-858.jpg,floroscope
papyrus-859.jpg,idealize
papyrus-860.jpg,goodlihead
papyrus-861.jpg,cosmically
papyrus-862.jpg,Miguel
papyrus-863.jpg,obi
papyrus-864.jpg,strickless
papyrus-865.jpg,outraging
papyrus-866.jpg,Squawtits
papyrus-867.jpg,acampsia
papyrus-868.jpg,stripe
papyrus-869.jpg,spleenless
papyrus-870.jpg,medieval
papyrus-871.jpg,geometrid
papyrus-872.jpg,palterer
papyrus-873.jpg,Cuchulainn
papyrus-874.jpg,rahdaree
papyrus-875.jpg,phansigar
papyrus-876.jpg,forevow
papyrus-877.jpg,ghazism
papyrus-878.jpg,choryos
papyrus-879.jpg,pithecan
papyrus-880.jpg,gluck
papyrus-881.jpg,Medellin
papyrus-882.jpg,ammocoete
papyrus-883.jpg,banality
papyrus-884.jpg,dodman
papyrus-885.jpg,Euphues
papyrus-886.jpg,equanimity
papyrus-887.jpg,matutinely
papyrus-888.jpg,betrinket
papyrus-889.jpg,interaxis
papyrus-890.jpg,betrim
papyrus-891.jpg,consumpt
papyrus-892.jpg,unnotched
papyrus-893.jpg,undying
papyrus-894.jpg,fieldish
papyrus-895.jpg,angor
papyrus-896.jpg,planosome
papyrus-897.jpg,clobberer
papyrus-898.jpg,pisk
papyrus-899.jpg,unjudge
papyrus-900.jpg,amphibiety
papyrus-901.jpg,recusation
papyrus-902.jpg,brawniness
papyrus-903.jpg,Zacatec
papyrus-904.jpg,pall
papyrus-905.jpg,Antarctica
papyrus-906.jpg,windlessly
papyrus-907.jpg,dispender
papyrus-908.jpg,bedraggle
papyrus-909.jpg,shoreward
papyrus-910.jpg,subah
papyrus-911.jpg,physometra
papyrus-912.jpg,maumet
papyrus-913.jpg,resile
papyrus-914.jpg,ingenuity
papyrus-915.jpg,exocoelom
papyrus-916.jpg,trophal
papyrus-917.jpg,Caririan
papyrus-918.jpg,missionary
papyrus-919.jpg,assise
papyrus-920.jpg,maldonite
papyrus-921.jpg,Lodoicea
papyrus-922.jpg,clang
papyrus-923.jpg,unwellness
papyrus-924.jpg,shoppy
papyrus-925.jpg,untrowed
papyrus-926.jpg,Lophopoda
papyrus-927.jpg,cunning
papyrus-928.jpg,macrocytic
papyrus-929.jpg,sport
papyrus-930.jpg,depurate
papyrus-931.jpg,autoxidize
papyrus-932.jpg,wileproof
papyrus-933.jpg,blinkered
papyrus-934.jpg,semicollar
papyrus-935.jpg,dihedron
papyrus-936.jpg,hoopwood
papyrus-937.jpg,foliation
papyrus-938.jpg,quilted
papyrus-939.jpg,overtask
papyrus-940.jpg,thevetin
papyrus-941.jpg,expecter
papyrus-942.jpg,tarn
papyrus-943.jpg,ungradated
papyrus-944.jpg,Bardolatry
papyrus-945.jpg,symbolics
papyrus-946.jpg,Subra
papyrus-947.jpg,facet
papyrus-948.jpg,layover
papyrus-949.jpg,slumward
papyrus-950.jpg,vest
papyrus-951.jpg,centipede
papyrus-952.jpg,resisting
papyrus-953.jpg,unrecusant
papyrus-954.jpg,kittenless
papyrus-955.jpg,fugitive
papyrus-956.jpg,amoretto
papyrus-957.jpg,Tobiah
papyrus-958.jpg,autumnian
papyrus-959.jpg,pileous
papyrus-960.jpg,isocheimal
papyrus-961.jpg,ava
papyrus-962.jpg,arhar
papyrus-963.jpg,oncostman
papyrus-964.jpg,stenosed
papyrus-965.jpg,cardcase
papyrus-966.jpg,goldwater
papyrus-967.jpg,Taungthu
papyrus-968.jpg,rheobase
papyrus-969.jpg,deedbox
papyrus-970.jpg,reason
papyrus-971.jpg,solvend
papyrus-972.jpg,iniquity
papyrus-973.jpg,unleagued
papyrus-974.jpg,Divvers
papyrus-975.jpg,preholding
papyrus-976.jpg,Melaleuca
papyrus-977.jpg,mark
papyrus-978.jpg,bustee
papyrus-979.jpg,roseways
papyrus-980.jpg,bullydom
papyrus-981.jpg,overrake
papyrus-982.jpg,hippolite
papyrus-983.jpg,gonococcus
papyrus-984.jpg,epicanthus
papyrus-985.jpg,drupaceous
papyrus-986.jpg,belemnitic
papyrus-987.jpg,amorado
papyrus-988.jpg,wieldable
papyrus-989.jpg,emissive
papyrus-990.jpg,disrestore
papyrus-991.jpg,tricostate
papyrus-992.jpg,Gepidae
papyrus-993.jpg,norleucine
papyrus-994.jpg,bosset
papyrus-995.jpg,vizier
papyrus-996.jpg,kymbalon
papyrus-997.jpg,Etheostoma
papyrus-998.jpg,treater
papyrus-999.jpg,wickedly
papyrus-1000.jpg,rand
papyrus-1001.jpg,gangdom
papyrus-1002.jpg,compliable
papyrus-1003.jpg,sclimb
papyrus-1004.jpg,twat
papyrus-1005.jpg,preissue
papyrus-1006.jpg,unmirthful
papyrus-1007.jpg,monstrify
papyrus-1008.jpg,Jason
papyrus-1009.jpg,afterking
papyrus-1010.jpg,gastrocele
papyrus-1011.jpg,soliform
papyrus-1012.jpg,forkiness
papyrus-1013.jpg,predraw
papyrus-1014.jpg,calcemia
papyrus-1015.jpg,asepticism
papyrus-1016.jpg,unembraced
papyrus-1017.jpg,entomology
papyrus-1018.jpg,pregustant
papyrus-1019.jpg,Cucurbita
papyrus-1020.jpg,plicated
papyrus-1021.jpg,rimple
papyrus-1022.jpg,uncoerced
papyrus-1023.jpg,cenobitic
papyrus-1024.jpg,paracystic
papyrus-1025.jpg,audible
papyrus-1026.jpg,saburra
papyrus-1027.jpg,storify
papyrus-1028.jpg,disband
papyrus-1029.jpg,proclaimer
papyrus-1030.jpg,Polymyarii
papyrus-1031.jpg,scatterer
papyrus-1032.jpg,gloryful
papyrus-1033.jpg,arbor
papyrus-1034.jpg,Wega
papyrus-1035.jpg,pentane
papyrus-1036.jpg,sanctifier
papyrus-1037.jpg,chinwood
papyrus-1038.jpg,Wykehamist
papyrus-1039.jpg,Dokmarok
papyrus-1040.jpg,polder
papyrus-1041.jpg,Glumales
papyrus-1042.jpg,Hochheimer
papyrus-1043.jpg,Veronica
papyrus-1044.jpg,camelman
papyrus-1045.jpg,porismatic
papyrus-1046.jpg,fescue
papyrus-1047.jpg,catechism
papyrus-1048.jpg,dovish
papyrus-1049.jpg,microzyme
papyrus-1050.jpg,vacational
papyrus-1051.jpg,imbrute
papyrus-1052.jpg,hire
papyrus-1053.jpg,Tamanaco
papyrus-1054.jpg,umbella
papyrus-1055.jpg,oddman
papyrus-1056.jpg,patavinity
papyrus-1057.jpg,fleyland
papyrus-1058.jpg,dammer
papyrus-1059.jpg,polissoir
papyrus-1060.jpg,ramiform
papyrus-1061.jpg,scutulum
papyrus-1062.jpg,craniotome
papyrus-1063.jpg,sluttish
papyrus-1064.jpg,polymorphy
papyrus-1065.jpg,pimaric
papyrus-1066.jpg,drowsily
papyrus-1067.jpg,basta
papyrus-1068.jpg,prophase
papyrus-1069.jpg,uphelm
papyrus-1070.jpg,expiation
papyrus-1071.jpg,macular
papyrus-1072.jpg,Aoife
papyrus-1073.jpg,curlew
papyrus-1074.jpg,solutional
papyrus-1075.jpg,psychogeny
papyrus-1076.jpg,refan
papyrus-1077.jpg,freir
papyrus-1078.jpg,reactional
papyrus-1079.jpg,roomlet
papyrus-1080.jpg,parapodial
papyrus-1081.jpg,scotoma
papyrus-1082.jpg,unrhymed
papyrus-1083.jpg,Clavaria
papyrus-1084.jpg,phelonion
papyrus-1085.jpg,Chaldaical
papyrus-1086.jpg,kirktown
papyrus-1087.jpg,forthcomer
papyrus-1088.jpg,assessor
papyrus-1089.jpg,stellate
papyrus-1090.jpg,despect
papyrus-1091.jpg,Shawanese
papyrus-1092.jpg,exsection
papyrus-1093.jpg,argental
papyrus-1094.jpg,Spironema
papyrus-1095.jpg,cheerily
papyrus-1096.jpg,dentinal
papyrus-1097.jpg,Trigonia
papyrus-1098.jpg,struthian
papyrus-1099.jpg,renvoi
